oblast_intervence_nazev_en,oblast_intervence_kod,climate_share,op_zkr,op_id,fin_pravniakt_czv,fin_pravniakt_eu,fin_pravniakt_narodni_verejne,fin_pravniakt_soukr,fin_vyuct_czv,fin_vyuct_eu,fin_vyuct_narodni_verejne,fin_vyuct_verejne,fin_vyuct_soukr,fin_vyuct_narodni,n_prj,prv_opatreni_orig,prv_opatreni_id,prv_opatreni_typ,prv_opatreni_nazev
NA, III.0.055,NA,IROP,06,7677453.895,6525835.81,1057321.835,94296.25,5782731.175,4915321.495,867409.68,5782731.175,0,867409.6799999997,8,NA,NA,NA,NA
NA, IV.1.060,NA,OP PIK,01,0,0,0,0,0,0,0,0,0,0,1,NA,NA,NA,NA
NA, IV.1.061,NA,OP PIK,01,0,0,0,0,0,0,0,0,0,0,20,NA,NA,NA,NA
NA, IV.1.064,NA,OP PIK,01,0,0,0,0,0,0,0,0,0,0,50,NA,NA,NA,NA
NA, IV.1.065,NA,OP PIK,01,0,0,0,0,0,0,0,0,0,0,1,NA,NA,NA,NA
NA, IV.4.088,NA,IROP,06,0,0,0,0,0,0,0,0,0,0,15,NA,NA,NA,NA
NA, IX.0.122,NA,OP TP,08,6172500,5246625,925875,0,0,0,0,0,0,0,1,NA,NA,NA,NA
NA, IX.0.122,NA,OP VVV,02,0,0,0,0,0,0,0,0,0,0,2,NA,NA,NA,NA
NA, IX.0.123,NA,OP VVV,02,0,0,0,0,0,0,0,0,0,0,1,NA,NA,NA,NA
NA, V.0.106,NA,OP Z,03,1249999660,1007243476.025,242756183.975,0,0,0,0,0,0,0,1,NA,NA,NA,NA
NA, VI.0.111,NA,OP VVV,02,4871590.333333335,4140851.64,730738.6933333334,0,70311.66666666667,59764.90333333334,10546.76333333333,70311.66666666667,0,10546.763333333327,981,NA,NA,NA,NA
NA, VI.0.112,NA,OP Z,03,2357497.5,1178748.75,1178748.75,0,0,0,0,0,0,0,3,NA,NA,NA,NA
NA, VII.0.115,NA,OP VVV,02,255281937.7733333,170193469.56166673,85088468.21166669,0,96105.66666666667,77175.84833333333,18929.818333333333,96105.66666666667,0,18929.818333333325,1614,NA,NA,NA,NA
Research and innovation processes in large enterprises,I.0.002,0,OP PIK,01,9898073404.749714,3431398494.4820347,0,6466674910.267679,6892222550.941645,2243529144.1230426,0,2243529144.1230426,4648693406.818603,4648693406.818603,355,NA,NA,NA,NA
Productive investment in large enterprises linked to the low-carbon economy,I.0.003,0.4,OP PIK,01,702258284.2199999,265784879.04000002,0,436473405.18,505336339.22999996,165806905.14999998,0,165806905.14999998,339529434.0799999,339529434.0799999,74,NA,NA,NA,NA
"Productive investment linked to the cooperation between large enterprises and SMEs for developing information and communication technology (‘ICT’) products and services, e-commerce and enhancing demand for ICT",I.0.004,0,OP PIK,01,2644194805.25,667367822.8900001,0,1976826982.3600001,2019531872.4699998,506722517.78000003,0,506722517.78000003,1512809354.69,1512809354.69,42,NA,NA,NA,NA
Electricity (storage and transmission),II.1.005,0,OP PIK,01,11785423224.099998,4714169289.62,0,7071253934.48,6713176927.12,2685270770.81,0,2685270770.81,4027906156.3100004,4027906156.3100004,20,NA,NA,NA,NA
Renewable energy: wind,II.1.009,1,OP PIK,01,201731968.51999998,161385574.81,0,40346393.70999999,0,0,0,0,0,0,5,NA,NA,NA,NA
Renewable energy: solar,II.1.010,1,OP PIK,01,1854111525.5599995,1341746167.94,0,512365357.6200003,35292490.04,25500213.860000003,0,25500213.860000003,9792276.18,9792276.18,227,NA,NA,NA,NA
Renewable energy: biomass,II.1.011,1,OP PIK,01,844582997.1800001,575492616.62,0,269090380.56000006,615912166.56,409532011.53000003,0,409532011.53000003,206380155.02999997,206380155.02999997,47,NA,NA,NA,NA
"Other renewable energy (including hydroelectric, geothermal and marine energy) and renewable energy integration (including storage, power to gas and renewable hydrogen infrastructure)",II.1.012,1,OP PIK,01,59211146.46999999,44792200.120000005,0,14418946.350000003,16340156.27,13072125.01,0,13072125.01,3268031.2599999993,3268031.2599999993,19,NA,NA,NA,NA
"Energy efficiency renovation of public infrastructure, demonstration projects and supporting measures",II.1.013,1,IROP,06,80277453.895,68235835.81,11947321.835,94296.25,5782731.175,4915321.495,867409.68,5782731.175,0,867409.6799999997,13,NA,NA,NA,NA
"Energy efficiency renovation of public infrastructure, demonstration projects and supporting measures",II.1.013,1,OP D,04,1728183143.33,1016179835.0799998,0,712003308.2500001,59460417.6,30854367.590000004,0,30854367.590000004,28606050.01,28606050.01,33,NA,NA,NA,NA
"Energy efficiency renovation of public infrastructure, demonstration projects and supporting measures",II.1.013,1,OP PPR,07,1793407125.88,896703562.8999999,660463502.37,236240060.60999998,1014581202.1099999,507290600.92,366695683.76,873986284.6800001,140594917.42999995,507290601.19,26,NA,NA,NA,NA
"Energy efficiency renovation of public infrastructure, demonstration projects and supporting measures",II.1.013,1,OP ŽP,05,21111621018.75003,8663084885.120005,12287089226.280014,161446907.35,13209999502.199974,5470260589.86,7689759531.88999,13160020121.749975,49979380.44999998,7739738912.339989,2650,NA,NA,NA,NA
"Energy efficiency renovation of existing housing stock, demonstration projects and supporting measures",II.1.014,1,IROP,06,23077293691.219948,7645305950.279994,3084783334.6799994,12347204406.259989,14458872615.989983,4767760136.579988,1744630658.4199998,6512390794.999992,7946481820.989984,9691112479.409998,3187,NA,NA,NA,NA
Intelligent Energy Distribution Systems at medium and low voltage levels (including smart grids and ICT systems),II.1.015,1,OP PIK,01,545110346.98,218044138.76,0,327066208.21999997,48425187.379999995,19370074.94,0,19370074.94,29055112.440000005,29055112.440000005,19,NA,NA,NA,NA
High efficiency co-generation and district heating,II.1.016,1,OP PIK,01,7388997027.580003,2830256231.659999,29969062.5,4528771733.420002,4356156520.870001,1631975721.1699996,0,1631975721.1699996,2724180799.700001,2724180799.700001,169,NA,NA,NA,NA
"Household waste management (including minimisation, sorting, recycling measures)",II.2.017,0,OP ŽP,05,8128454869.548186,6292694748.140993,872155896.3971772,963604225.0100002,5749954306.839893,4653192006.552219,626680860.307675,5279872866.859892,470081439.9800002,1096762300.2876756,2637,NA,NA,NA,NA
"Household waste management (including mechanical biological treatment, thermal treatment, incineration and landfill measures)",II.2.018,0,OP ŽP,05,2950755188.0400004,1996572476.05,333862907.7299999,620319804.2599998,1404464809.8,979655216.73,212228517.19000003,1191883733.9200003,212581075.88000008,424809593.0700002,187,NA,NA,NA,NA
"Commercial, industrial or hazardous waste management",II.2.019,0,OP ŽP,05,1041272226.8118235,607828616.359,164900532.5528235,268543077.90000004,470646228.1201018,316610667.8277762,5045298.192325661,321655966.02010185,148990262.10000002,154035560.29232576,124,NA,NA,NA,NA
"Provision of water for human consumption (extraction, treatment, storage and distribution infrastructure)",II.2.020,0,OP ŽP,05,4172522259.450001,3546643919.9299994,624487089.9200001,1391249.6,4016436469.100001,3413543017.299999,601503889.69,4015046906.9900002,1389562.1100000828,602893451.8000002,144,NA,NA,NA,NA
"Water management and drinking water conservation (including river basin management, water supply, specific climate change adaptation measures, district and consumer metering, charging systems and leak reduction)",II.2.021,0.4,OP ŽP,05,141303634.72,119066076.07999995,20926015.39,1311543.25,110501531.95999998,92935277.25,16487542.06,109422819.30999999,1078712.6499999994,17566254.709999997,37,NA,NA,NA,NA
Waste water treatment,II.2.022,0,OP ŽP,05,13529825321.610004,11500351521.600016,2013046852.5999997,16426947.41,12796055491.220003,10874692739.659998,1907348318.1600015,12782041057.820004,14014433.400000004,1921362751.5600014,417,NA,NA,NA,NA
Railways (TEN-T Core),II.3.024,0.4,OP D,04,13770263788.16,11704724219.895,2065539568.2649999,0,10496935770.272999,8922395404.112999,1574540366.1599998,10496935770.272999,-3.725290298461914e-8,1574540366.1599998,27,NA,NA,NA,NA
Railways (TEN-T comprehensive),II.3.025,0.4,OP D,04,25205552941.113678,21424719999.885,3780832941.2286763,0,18413182638.23256,15651205241.502121,2761977396.730438,18413182638.23256,4.470348358154297e-8,2761977396.730439,34,NA,NA,NA,NA
Other Railways,II.3.026,0.4,OP D,04,22681041950.986324,19278885658.249996,3402156292.7363243,0,19094178463.234444,16230051692.63488,2864126770.599561,19094178463.234444,3.427267074584961e-7,2864126770.599561,39,NA,NA,NA,NA
Mobile rail assets,II.3.027,0.4,OP D,04,4629087971.960001,3588631275.25,76143739.81,964312956.9,1008227018.13,807600487.3000001,5234657.4,812835144.7,195391873.43,200626530.83,30,NA,NA,NA,NA
TEN-T motorways and roads — core network (new build),II.3.028,0,OP D,04,3195446249.1,2716129311.73,479316937.37,0,2808811525.5,2387489796.56,421321728.94000006,2808811525.5,2.384185791015625e-7,421321728.9400002,2,NA,NA,NA,NA
TEN-T motorways and roads — comprehensive network (new build),II.3.029,0,OP D,04,22243156197.81,18906682768.13,3336473429.6800003,0,14546329131.61,12364379761.119999,2181949370.4900002,14546329131.61,-2.384185791015625e-7,2181949370.49,12,NA,NA,NA,NA
Secondary road links to TEN-T road network and nodes (new build),II.3.030,0,IROP,06,3081739457.47,2566039640.0699987,515699817.40000004,0,1431580285.1299999,1174401681.37,257178603.76000002,1431580285.1299999,-5.587935447692871e-9,257178603.76000002,34,NA,NA,NA,NA
Other national and regional roads (new build),II.3.031,0,IROP,06,4976858420.910001,4179890785.385,796967635.525,0,2931456692.355,2491738188.395,439718503.96000004,2931456692.355,-1.4901161193847656e-8,439718503.96,17,NA,NA,NA,NA
Other national and regional roads (new build),II.3.031,0,OP D,04,28764473338.5,24449802337.720005,4314671000.780001,0,14781307448.160002,12564111329.580002,2217196118.5800004,14781307448.16,-8.381903171539307e-8,2217196118.58,43,NA,NA,NA,NA
TEN-T reconstructed or improved road,II.3.033,0,OP D,04,16208200121,13776970102.849998,2431230018.1499996,0,13213845405,11231768593.74,1982076811.2600002,13213845405,1.7881393432617188e-07,1982076811.26,15,NA,NA,NA,NA
"Other reconstructed or improved road (motorway, national, regional or local)",II.3.034,0,IROP,06,30028676345.449997,24756924390.044994,5271751955.404995,0,18044393131.305004,15116292941.015009,2928100190.290001,18044393131.305004,1.387670636177063e-7,2928100190.2900014,440,NA,NA,NA,NA
"Other reconstructed or improved road (motorway, national, regional or local)",II.3.034,0,OP D,04,700459605,595390664.25,105068940.75,0,523308372.2,444812116.34,78496255.86,523308372.2,0,78496255.86,3,NA,NA,NA,NA
Multimodal transport (TEN-T),II.3.035,0.4,OP D,04,88972852.48,58193113.54,0,30779738.939999998,11935125,5848211.25,0,5848211.25,6086913.75,6086913.75,15,NA,NA,NA,NA
Multimodal transport,II.3.036,0.4,OP D,04,1452708980.57,693032583.6299999,0,759676396.94,264663034.18,114440333.9,0,114440333.9,150222700.28,150222700.28,16,NA,NA,NA,NA
Clean urban transport infrastructure and promotion (including equipment and rolling stock),II.4.043,0.4,IROP,06,7513637913.510005,6386592225.9400015,341169748.96999985,785875938.5999999,5647291407.059999,4800197695.049999,193412324.62999982,4993610019.679998,653681387.38,847093712.0100001,209,NA,NA,NA,NA
Clean urban transport infrastructure and promotion (including equipment and rolling stock),II.4.043,0.4,OP D,04,14530327518.320002,12350778390.509998,1494380282.1499999,685168845.6599998,5695332743.46,4841032831.570003,587661919.6299999,5428694751.200001,266637992.26000008,854299911.89,40,NA,NA,NA,NA
Clean urban transport infrastructure and promotion (including equipment and rolling stock),II.4.043,0.4,OP PPR,07,1192400385,596200192.5,453049654,143150538.5,419704315.26,209852157.61,167881726.1,377733883.71000004,41970431.55,209852157.64999998,6,NA,NA,NA,NA
"Intelligent transport systems (including the introduction of demand management, tolling systems, IT monitoring, control and information systems)",II.4.044,0.4,IROP,06,10124654527.330004,8605956347.349998,798412275.3299992,720285904.65,8322678360.090001,7074276604.539992,595113841.21,7669390445.75,653287914.34,1248401755.550001,361,NA,NA,NA,NA
"Intelligent transport systems (including the introduction of demand management, tolling systems, IT monitoring, control and information systems)",II.4.044,0.4,OP D,04,2067061476.8199995,1757002255.2099998,298060403.62,11998817.99,837717973.83,712060277.62,125657696.21000001,837717973.83,-2.2351741790771484e-8,125657696.21,30,NA,NA,NA,NA
ICT: High-speed broadband network (access/local loop; >/= 30 Mbps),II.5.046,0,OP PIK,01,4775525060.690001,3929685212.6599994,522062125.96000004,323777722.07,52739635.230000004,39554726.41,0,39554726.41,13184908.820000002,13184908.820000002,59,NA,NA,NA,NA
"ICT: Other types of ICT infrastructure/large-scale computer resources/equipment (including e-infrastructure, data centres and sensors; also where embedded in other infrastructure such as research facilities, environmental and social infrastructure)",II.5.048,0,OP PIK,01,5173391629.199999,2224062866.5899997,0,2949328762.61,1821922227.4399998,731919171.8300002,0,731919171.8300002,1090003055.61,1090003055.61,86,NA,NA,NA,NA
Education infrastructure for tertiary education,III.0.049,0,OP VVV,02,15444472949.329992,12580015883.139997,2404518598.83,459938467.3599999,11791292433.7,9621904529.789995,1800016805.5200007,11421921335.310005,369371098.39,2169387903.9099984,148,NA,NA,NA,NA
Education infrastructure for vocational education and training and adult learning,III.0.050,0,OP PIK,01,456501729.93000007,228230529.70000002,0,228271200.23000005,366574433.79000014,183268434.74,0,183268434.74,183305999.05,183305999.05,113,NA,NA,NA,NA
Education infrastructure for school education (primary and general secondary education),III.0.051,0,IROP,06,21819701900.319992,18808773871.190002,2838960219.0099945,171967810.12000015,17419088455.960014,15003833039.710014,2272112381.109997,17275945420.819996,143143035.14000002,2415255416.2499957,2829,NA,NA,NA,NA
Education infrastructure for school education (primary and general secondary education),III.0.051,0,OP PPR,07,941251866.9946,470625933.3499999,338187115.4407599,132438818.20384005,796094321.6402925,398047160.0890077,283065667.8403271,681112827.9293349,114981493.71095729,398047161.5512846,211,NA,NA,NA,NA
Infrastructure for early childhood education and care,III.0.052,0,IROP,06,5980216952.880003,5083184409.040002,839915675.8899995,57116867.949999996,4817562258.849999,4094927917.6000004,671239797.1600001,4766167714.759998,51394544.08999997,722634341.2499999,321,NA,NA,NA,NA
Infrastructure for early childhood education and care,III.0.052,0,OP PPR,07,494121487.1154001,247060743.53000003,176999847.28923997,70060896.29615998,373415384.12970763,186707691.90099233,132353723.28967278,319061415.1906652,54353968.93904259,186707692.22871533,67,NA,NA,NA,NA
Health infrastructure,III.0.053,0,IROP,06,30360981590.579994,28491470812.050007,938876037.4100001,930634741.1199998,8897231955.37,7517624473.490002,634759371.2,8152383844.6900015,744848110.6800003,1379607481.88,339,NA,NA,NA,NA
Housing infrastructure,III.0.054,0,IROP,06,3097979740.5400004,2633282778.800001,426788520.97000015,37908440.77000002,2212782732.45,1880865321.1100004,304530061.34999996,2185395382.4600005,27387349.990000017,331917411.34000015,412,NA,NA,NA,NA
Other social infrastructure contributing to regional and local development,III.0.055,0,IROP,06,6534413335.119996,5554251333.929999,854254389.1499997,125907612.04000002,4445164433.539999,3778389765.730001,575713456.9200008,4354103222.650002,91061210.89000009,666774667.8100004,484,NA,NA,NA,NA
Other social infrastructure contributing to regional and local development,III.0.055,0,OP PPR,07,588773830.0900002,294386914.99000007,258137397.67,36249517.43,396288037.33000004,198144018.39999998,167242004.99,365386023.3899999,30902013.939999994,198144018.93000004,61,NA,NA,NA,NA
"Investment in infrastructure, capacities and equipment in SMEs directly linked to research and innovation activities",IV.1.056,0,OP PIK,01,15413754632.754997,6784699031.330006,0,8629055601.425007,9702734655.954998,4257462433.4850044,0,4257462433.4850044,5445272222.470001,5445272222.470001,1168,NA,NA,NA,NA
"Investment in infrastructure, capacities and equipment in large companies directly linked to research and innovation activities",IV.1.057,0,OP PIK,01,7912860677.575001,2786633044.1300006,0,5126227633.445,6829678863.925001,2425254900.6699986,0,2425254900.6699986,4404423963.255001,4404423963.255001,240,NA,NA,NA,NA
Research and innovation infrastructure (public),IV.1.058,0,OP PIK,01,1416510238.9,885888776.04,104792143.26,425829319.6,654319551.04,396920821.39,47954391.46,444875212.85,209444338.19,257398729.65,23,NA,NA,NA,NA
Research and innovation infrastructure (public),IV.1.058,0,OP VVV,02,17807680620.244946,14225268485.037003,2908920451.3414106,673491683.8665295,13006810856.124783,10430484273.872807,2042758752.639779,12473243026.512585,533567829.6121961,2576326582.2519746,161,NA,NA,NA,NA
"Research and innovation infrastructure (private, including science parks)",IV.1.059,0,OP PIK,01,3193642070.6199994,1613136175.3,0,1580505895.32,1438049993.4799998,719024996.6299999,0,719024996.6299999,719024996.85,719024996.85,46,NA,NA,NA,NA
Research and innovation activities in public research centres and centres of competence including networking,IV.1.060,0,OP PIK,01,2404820426.876726,1564252619.9399557,731002.4331365647,839836804.5036372,670353515.5807372,427417332.6739725,0,427417332.6739725,242936182.90676478,242936182.90676478,412,NA,NA,NA,NA
Research and innovation activities in public research centres and centres of competence including networking,IV.1.060,0,OP VVV,02,6472470307.437983,5099281113.898001,1263265155.1142976,109924038.42568584,4556022465.379855,3563442204.5885983,911963500.297304,4475405704.885903,80616760.49395302,992580260.7912571,64,NA,NA,NA,NA
Research and innovation activities in private research centres including networking,IV.1.061,0,OP PIK,01,19694550033.145477,11531469209.398006,1914008.296863435,8161166815.450607,8650411572.327011,5061412954.322072,0,5061412954.322072,3588998618.0049405,3588998618.0049405,1367,NA,NA,NA,NA
Research and innovation activities in private research centres including networking,IV.1.061,0,OP VVV,02,12500784682.237074,9640036664.445,2721346014.5942907,139402003.19778475,7106192684.835363,5478042867.568594,1529499974.2329168,7007542841.801513,98649843.03385043,1628149817.2667675,45,NA,NA,NA,NA
Technology transfer and university-enterprise cooperation primarily benefiting SMEs,IV.1.062,0,OP PIK,01,309957324.3,216970127.00000006,0,92987197.3,157655719.92,110359003.33999997,0,110359003.33999997,47296716.580000006,47296716.580000006,80,NA,NA,NA,NA
Technology transfer and university-enterprise cooperation primarily benefiting SMEs,IV.1.062,0,OP PPR,07,1496321968.1699998,748160984.04,598528787.17,149632196.96,831348680.6899998,415674339.83000004,332539471.87000006,748213811.7,83134868.99000002,415674340.85999995,64,NA,NA,NA,NA
Cluster support and business networks primarily benefiting SMEs,IV.1.063,0,OP PIK,01,3799294349.7500005,2124076715.5999992,0,1675217634.150001,1690187366.4839993,929496995.7179995,0,929496995.7179995,760690370.7659999,760690370.7659999,262,NA,NA,NA,NA
"Research and innovation processes in SMEs (including voucher schemes, process, design, service and social innovation)",IV.1.064,0,OP PIK,01,8989432639.804996,3685460992.9000006,222500,5303749146.9050045,5630897892.95,2317473340.0849996,0,2317473340.0849996,3313424552.8649983,3313424552.8649983,2298,NA,NA,NA,NA
"Research and innovation processes in SMEs (including voucher schemes, process, design, service and social innovation)",IV.1.064,0,OP PPR,07,145689500,72844750,58275800,14568950,60173924.54000001,30086962.26,24069569.790000003,54156532.05,6017392.490000002,30086962.280000005,4,NA,NA,NA,NA
"Research and innovation infrastructure, processes, technology transfer and cooperation in enterprises focusing on the low carbon economy and on resilience to climate change",IV.1.065,1,OP PIK,01,9524489606.72308,3170023000.430001,0,6354466606.293078,1089907557.3666093,440556229.51291835,0,440556229.51291835,649351327.8536907,649351327.8536907,186,NA,NA,NA,NA
"Advanced support services for SMEs and groups of SMEs (including management, marketing and design services)",IV.2.066,0,OP PIK,01,2383988528.0099993,1370682272.5599997,77661400.25,935644855.1999998,1409043851.1299994,781074449.19,32808225.83,813882675.0200003,595161176.1100005,627969401.9400005,894,NA,NA,NA,NA
"Advanced support services for SMEs and groups of SMEs (including management, marketing and design services)",IV.2.066,0,OP PPR,07,391497617.1,195748808.55,137720089.19,58028719.36,251241906.384,125620953.14699998,97740360.36999997,223361313.51699996,27880592.86700005,125620953.23700002,3,NA,NA,NA,NA
"SME business development, support to entrepreneurship and incubation (including support to spin offs and spin outs)",IV.2.067,0,OP PIK,01,20958740998.160015,8692127961.649992,0,12266613036.510014,12092824374.319988,5126291570.999991,0,5126291570.999991,6966532803.319995,6966532803.319995,2052,NA,NA,NA,NA
"SME business development, support to entrepreneurship and incubation (including support to spin offs and spin outs)",IV.2.067,0,OP PPR,07,398356978.53,199178489.24999997,86690597.73,112487891.55,233422679.046,116696339.44300002,72104549.26,188800888.703,44621790.34300001,116726339.603,12,NA,NA,NA,NA
Energy efficiency and demonstration projects in SMEs and supporting measures,IV.2.068,1,OP PIK,01,21873837790.629967,10089615302.599955,0,11784222488.030058,12378012764.270018,5731220687.339988,0,5731220687.339988,6646792076.929999,6646792076.929999,2979,NA,NA,NA,NA
Support to environmentally-friendly production processes and resource efficiency in SMEs,IV.2.069,0.4,OP PIK,01,3728514788.8900013,1739849983.29,0,1988664805.599999,1851459426.6300008,891807809.8199998,0,891807809.8199998,959651616.809999,959651616.809999,985,NA,NA,NA,NA
Promotion of energy efficiency in large enterprises,IV.2.070,1,OP PIK,01,14026631576.820004,4271497533.959994,0,9755134042.859993,6096337527.240003,1870008618.7399988,0,1870008618.7399988,4226328908.5000014,4226328908.5000014,776,NA,NA,NA,NA
Business infrastructure for SMEs (including industrial parks and sites),IV.2.072,0,OP PIK,01,11195123232.620003,4639069593.55,0,6556053639.07,7097718661.95,2957343190.26,0,2957343190.26,4140375471.690001,4140375471.690001,435,NA,NA,NA,NA
Support to social enterprises (SMEs),IV.2.073,0,IROP,06,651673248.9200002,553922261.4200001,0,97750987.49999997,559653233.56,475705248.03000003,0,475705248.03000003,83947985.53000002,83947985.53000002,198,NA,NA,NA,NA
Support to social enterprises (SMEs),IV.2.073,0,OP PPR,07,58832552.300000004,29416276.14,29416276.159999996,0,42954447.18,21477223.56,21477223.619999997,42954447.18,-5.820766091346741e-11,21477223.619999994,22,NA,NA,NA,NA
Development and promotion of commercial tourism assets in SMEs,IV.2.074,0,OP PIK,01,905286132.2999998,388766228.9,0,516519903.4,28872724.05,12992725.8,0,12992725.8,15879998.250000002,15879998.250000002,27,NA,NA,NA,NA
"e-Government services and applications (including e-Procurement, ICT measures supporting the reform of public administration, cyber-security, trust and privacy measures, e-Justice and e-Democracy)",IV.3.078,0,IROP,06,9831635171.099997,8105729400.970006,1498038093.78,227867676.34999996,3986257279.0299993,3327674460.0099974,543810396.35,3871484856.359998,114772422.67000002,658582819.0199997,359,NA,NA,NA,NA
"ICT Services and applications for SMEs (including e-Commerce, e-Business and networked business processes), living labs, web entrepreneurs and ICT start-ups)",IV.3.082,0,OP PIK,01,5326280092.85,2270613176.4099994,0,3055666916.44,4392479938.14,1867426602.9700003,0,1867426602.9700003,2525053335.169999,2525053335.169999,519,NA,NA,NA,NA
Air quality measures,IV.4.083,0.4,OP ŽP,05,18349546854.649998,15272946652.610008,157676635.57000002,2918923566.4699993,14163267078.880003,12243947653.36,110395773.14,12354343426.500002,1808923652.38,1919319425.5199995,328,NA,NA,NA,NA
"Protection and enhancement of biodiversity, nature protection and green infrastructure",IV.4.085,0.4,OP ŽP,05,8893799399.169996,7959055034.890014,694901644.5900003,239842719.69000012,4956227103.339997,4417917345.65,418097698.10999995,4836015043.759995,120212059.58000003,538309757.6900004,2170,NA,NA,NA,NA
"Protection, restoration and sustainable use of Natura 2000 sites",IV.4.086,0.4,OP ŽP,05,1408751778.5099995,1233418481.7899995,148955531.53000003,26377765.189999998,824017390.1999999,747857806.5000001,69943217.55,817801024.0500001,6216366.150000001,76159583.69999999,94,NA,NA,NA,NA
"Adaptation to climate change measures and prevention and management of climate related risks e.g. erosion, fires, flooding, storms and drought, including awareness raising, civil protection and disaster management systems and infrastructures",IV.4.087,1,IROP,06,6811909332.823119,5830870989.732,981038343.091117,0,4461369020.399628,3827676174.716684,633692845.6829438,4461369020.399628,2.5116605684161186e-8,633692845.6829439,547,NA,NA,NA,NA
"Adaptation to climate change measures and prevention and management of climate related risks e.g. erosion, fires, flooding, storms and drought, including awareness raising, civil protection and disaster management systems and infrastructures",IV.4.087,1,OP ŽP,05,1663238305.5299997,1389246042.9499996,262591784.20000008,11400478.38,1068126581.4599997,894579843.6700002,166479005.05999994,1061058848.7299997,7067732.729999995,173546737.78999993,213,NA,NA,NA,NA
"Risk prevention and management of non-climate related natural risks (i.e. earthquakes) and risks linked to human activities (e.g. technological accidents), including awareness raising, civil protection and disaster management systems and infrastructures",IV.4.088,0,IROP,06,290719094.74188226,248936276.61799994,41782818.12388237,0,21411081.13037389,19716847.065317802,1694234.065056084,21411081.13037389,5.238689482212067e-10,1694234.0650560837,60,NA,NA,NA,NA
"Risk prevention and management of non-climate related natural risks (i.e. earthquakes) and risks linked to human activities (e.g. technological accidents), including awareness raising, civil protection and disaster management systems and infrastructures",IV.4.088,0.4,IROP,06,502723613.335,427315071.30999994,75408542.02499999,0,456896701.22999996,388362195.958,68534505.27200001,456896701.23,-1.6763806343078613e-8,68534505.272,20,NA,NA,NA,NA
"Risk prevention and management of non-climate related natural risks (i.e. earthquakes) and risks linked to human activities (e.g. technological accidents), including awareness raising, civil protection and disaster management systems and infrastructures",IV.4.088,0.4,OP ŽP,05,2969496067.7800016,2225341410.4000006,740507713.3700004,3646944.01,2430373169.7500005,1829131713.5000007,597598968.1899998,2426730681.690001,3642488.060000013,601241456.2499999,778,NA,NA,NA,NA
Rehabilitation of industrial sites and contaminated land,IV.4.089,0,OP ŽP,05,0,0,0,0,0,0,0,0,0,0,5,NA,NA,NA,NA
Rehabilitation of industrial sites and contaminated land,IV.4.089,0.4,OP ŽP,05,3588144817.360001,3048773666.8199997,202098364.43,337272786.11,1878355234.7899997,1595337356.2999997,153430940.87999994,1748768297.1799996,129586937.61000001,283017878.49,116,NA,NA,NA,NA
"Protection, development and promotion of public tourism assets",IV.4.092,0,OP ŽP,05,13716484.86,13716484.86,0,0,7936095.15,7936095.15,0,7936095.15,0,0,1,NA,NA,NA,NA
"Protection, development and promotion of public cultural and heritage assets",IV.4.094,0,IROP,06,15173658684.73,12897609881.380005,1881837568.3700004,394211234.9800002,8287583119.210001,7044445647.160006,1033633036.0300002,8078078683.190001,209504436.02000013,1243137472.0500011,246,NA,NA,NA,NA
"Protection, development and promotion of public cultural and heritage assets",IV.4.094,0,OP ŽP,05,46016416.22,4601641.62,41414774.6,0,32594111.23,3259411.23,29334700,32594111.23,0,29334700,1,NA,NA,NA,NA
Institutional capacity of public administrations and public services related to implementation of the ERDF or actions supporting ESF institutional capacity initiatives,IV.5.096,0,IROP,06,230538791.4,195957972.67000002,34580818.72999999,0,219403581.95999998,186493044.52999997,32910537.429999977,219403581.95999998,-9.313225746154785e-10,32910537.429999977,187,NA,NA,NA,NA
Community-led local development initiatives in urban and rural areas,IV.5.097,0,IROP,06,6810742517.820005,6470205387.210009,189096444.2400001,151440686.36999986,4579057617.029996,4350104727.399992,136296862.04,4486401589.439997,92656027.58999997,228952889.63000056,2286,NA,NA,NA,NA
"Preparation, implementation, monitoring and inspection",IX.0.121,0,IROP,06,2690312336.0900006,2286765485.6000004,403546850.49,0,2177986953.5599995,1851288904.6099997,326698048.95,2177986953.5599995,2.4656765162944794e-7,326698048.95000017,45,NA,NA,NA,NA
"Preparation, implementation, monitoring and inspection",IX.0.121,0,OP D,04,1433741977.476442,1218680680.8509963,215061296.6254459,0,676695220.5491511,575190936.9125552,101504283.6365959,676695220.5491511,-5.960464477539063e-8,101504283.63659588,3,NA,NA,NA,NA
"Preparation, implementation, monitoring and inspection",IX.0.121,0,OP PIK,01,3450692080.8399997,2933088268.69,517603812.15000004,0,1804384043.97,1533726436.4400003,270657607.53,1804384043.9699998,8.961069397628307e-8,270657607.53000003,40,NA,NA,NA,NA
"Preparation, implementation, monitoring and inspection",IX.0.121,0,OP PPR,07,202477069.4,101238534.7,101238534.7,0,121980540.87975587,60990270.424877934,60990270.454877935,121980540.87975587,0,60990270.454877935,1,NA,NA,NA,NA
"Preparation, implementation, monitoring and inspection",IX.0.121,0,OP TP,08,6745660045.340001,5733811038.043729,1011849007.2962748,0,4980172949.8643265,4233147002.274005,747025947.5903245,4980172949.8643265,2.6007182895846997e-8,747025947.5903245,220,NA,NA,NA,NA
"Preparation, implementation, monitoring and inspection",IX.0.121,0,OP VVV,02,2784941225.807066,2259979804.597754,524961421.2093127,0,2298738360.858805,1865426178.5556984,433312182.3031067,2298738360.858805,3.9525912140054196e-9,433312182.3031068,31,NA,NA,NA,NA
"Preparation, implementation, monitoring and inspection",IX.0.121,0,OP Z,03,2503186510.0024295,2060685714.69,442500795.3124294,0,1814929043.7142296,1494094961.809189,320834081.90504056,1814929043.7142296,0,320834081.9050406,3,NA,NA,NA,NA
"Preparation, implementation, monitoring and inspection",IX.0.121,0,OP ŽP,05,2843692131.13,2417138311.45,426553819.67999995,0,1936934838.5000002,1646394611.9399996,290540226.56,1936934838.5000002,5.238689482212067e-10,290540226.56000006,48,NA,NA,NA,NA
Evaluation and studies,IX.0.122,0,IROP,06,30250000,25712500,4537500,0,6651007,5653355.95,997651.05,6651007,0,997651.0499999998,1,NA,NA,NA,NA
Evaluation and studies,IX.0.122,0,OP D,04,15763279.791327186,13398787.822628107,2364491.968699078,0,3062150.8020535014,2602828.140233776,459322.66181972524,3062150.8020535014,0,459322.661819725,1,NA,NA,NA,NA
Evaluation and studies,IX.0.122,0,OP PIK,01,46000000,39100000,6900000,0,20818909.3,17696072.89,3122836.4099999997,20818909.3,0,3122836.4100000006,2,NA,NA,NA,NA
Evaluation and studies,IX.0.122,0,OP PPR,07,202477069.60000002,101238534.80000001,101238534.80000001,0,121980541.00024413,60990270.48512206,60990270.51512206,121980541.00024413,0,60990270.51512206,1,NA,NA,NA,NA
Evaluation and studies,IX.0.122,0,OP TP,08,159124338.47000134,135255687.6562761,23868650.8137252,0,114617055.12567167,97424496.15599594,17192558.969675753,114617055.12567167,4.027970135502189e-9,17192558.969675757,27,NA,NA,NA,NA
Evaluation and studies,IX.0.122,0,OP VVV,02,215331487.4006038,174741502.01297048,40589985.38763332,0,125076667.7678016,101499715.62907766,23576952.13872395,125076667.7678016,-9.778887100461772e-11,23576952.138723955,9,NA,NA,NA,NA
Evaluation and studies,IX.0.122,0,OP Z,03,159300000,131139742.5,28160257.5,0,91560448.93,75374850.44,16185598.49,91560448.93,0,16185598.490000002,2,NA,NA,NA,NA
Evaluation and studies,IX.0.122,0,OP ŽP,05,25694229,21840094.65,3854134.35,0,9520879,8092747.15,1428131.85,9520879,0,1428131.85,11,NA,NA,NA,NA
Information and communication,IX.0.123,0,IROP,06,130722363.51000002,111114008.94,19608354.57,0,84894102.2,72159986.74,12734115.460000003,84894102.2,-1.6880221664905548e-9,12734115.46,20,NA,NA,NA,NA
Information and communication,IX.0.123,0,OP D,04,49167389.97223071,41792281.47637571,7375108.495855007,0,10037880.728795452,8532198.497211084,1505682.231584368,10037880.728795452,0,1505682.2315843673,2,NA,NA,NA,NA
Information and communication,IX.0.123,0,OP PIK,01,153452655,130434756.75,23017898.25,0,13865484.01,11785661.23,2079822.7800000003,13865484.01,-4.656612873077393e-10,2079822.7799999998,5,NA,NA,NA,NA
Information and communication,IX.0.123,0,OP PPR,07,63990000,31995000,31995000,0,22004553.98,11002276.98,11002277,22004553.98,0,11002277,1,NA,NA,NA,NA
Information and communication,IX.0.123,0,OP TP,08,384039385.51,326433477.68,57605907.83,0,166302357.69,141357005.16,24945352.53,166302357.69,7.450580596923828e-9,24945352.53,8,NA,NA,NA,NA
Information and communication,IX.0.123,0,OP VVV,02,85195015.9823292,69135755.41927513,16059260.563054055,0,60118677.14339307,48786306.16522377,11332370.978169296,60118677.14339307,-6.097252470749983e-10,11332370.978169294,8,NA,NA,NA,NA
Information and communication,IX.0.123,0,OP Z,03,116905747.99757053,96239734.39,20666013.607570533,0,21474609.72577037,17678435.44081096,3796174.284959407,21474609.72577037,0,3796174.284959406,2,NA,NA,NA,NA
Information and communication,IX.0.123,0,OP ŽP,05,84552929,71869989.65,12682939.35,0,42497832.17000001,36123157.269999996,6374674.899999999,42497832.17000001,0,6374674.9,6,NA,NA,NA,NA
"Access to employment for job-seekers and inactive people, including the long-term unemployed and people far from the labour market, also through local employment initiatives and support for labour mobility",V.0.102,0,OP Z,03,22477571272.523064,18739119837.96369,3694314304.5450068,44137130.01436427,16833808272.948423,14026376534.959604,2772510828.137122,16798887363.096716,34920909.85169758,2807431737.9888215,632,NA,NA,NA,NA
"Sustainable integration into the labour market of young people, in particular those not in employment, education or training, including young people at risk of social exclusion and young people from marginalised communities, including through the implementation of the Youth Guarantee",V.0.103,0,OP Z,03,872385691.8,801640767.7200001,70744924.08,0,743602746.4900001,683300846.32,60301900.17,743602746.4900001,3.073364496231079e-8,60301900.17000005,8,NA,NA,NA,NA
"Equality between men and women in all areas, including in access to employment, career progression, reconciliation of work and private life and promotion of equal pay for equal work",V.0.105,0,OP PPR,07,221087092.5,110543546.25,96841132.64,13702413.609999996,133283853.82,66641926.82,58950270.41000001,125592197.23000002,7691656.589999999,66641927,54,NA,NA,NA,NA
"Equality between men and women in all areas, including in access to employment, career progression, reconciliation of work and private life and promotion of equal pay for equal work",V.0.105,0,OP Z,03,8721546489.579994,7036685505.6600065,1525697571.9300041,159163411.9899999,6481491235.439994,5238806555.4000025,1120660681.9200015,6359467237.319998,122023998.1200001,1242684680.0400035,2953,NA,NA,NA,NA
"Adaptation of workers, enterprises and entrepreneurs to change",V.0.106,0,OP Z,03,17003300281.43,14022271963.984985,2254579906.5450006,726448410.8999983,10132600998.149988,8363360051.120006,1356143307.540001,9719503358.65999,413097639.48999953,1769240947.0300002,2886,NA,NA,NA,NA
"Modernisation of labour market institutions, such as public and private employment services, and improving the matching of labour market needs, including throughactions that enhance transnational labour mobility as well as through mobility schemes and better cooperation between institutions and relevant stakeholders",V.0.108,0,OP Z,03,2805288533.54,2311249169.78,494039363.76,0,1776560093.1999998,1463690094.3599997,312869998.84000003,1776560093.1999998,-1.1175870895385742e-8,312869998.84,14,NA,NA,NA,NA
"Active inclusion, including with a view to promoting equal opportunities and active participation, and improving employability",VI.0.109,0,OP Z,03,13538889628.797329,11157918473.071827,2310746690.143994,70224465.58152623,10152569909.687193,8416352740.745252,1678611729.3614755,10094964470.106743,57605439.580454655,1736217168.941931,1012,NA,NA,NA,NA
Socio-economic integration of marginalised communities such as the Roma,VI.0.110,0,OP VVV,02,5186739611.913966,4312232676.28957,829133191.8544273,45373743.77,2819576600.37217,2354137447.085599,423016202.8565878,2777153649.9421663,42422950.43000001,465439153.2865879,7991,NA,NA,NA,NA
Combating all forms of discrimination and promoting equal opportunities,VI.0.111,0,OP VVV,02,739297076.5448161,608897779.0369576,130399297.50785792,0,501217846.3246758,411726170.5197417,89491675.8049345,501217846.3246758,2.8184935219856485e-9,89491675.8049345,2335,NA,NA,NA,NA
"Enhancing access to affordable, sustainable and high-quality services, including health care and social services of general interest",VI.0.112,0,OP PPR,07,776961377.01,388480688.26000017,385577617.2499999,2903071.4999999995,615636094.5800004,307818045.82000023,305803900.4500001,613621946.2700005,2014148.3099999884,307818048.76,177,NA,NA,NA,NA
"Enhancing access to affordable, sustainable and high-quality services, including health care and social services of general interest",VI.0.112,0,OP Z,03,6683980149.7716465,5206582511.160997,1474134172.440651,3263466.1699999995,4037300820.5735664,3212579684.209291,822614568.7042749,4035194252.913564,2106567.6600000663,824721136.3642751,749,NA,NA,NA,NA
Community-led local development strategies,VI.0.114,0,OP Z,03,1991915741.780001,1693089963.45999,262256616.25999898,36569162.059999995,1185066337.369999,1007306372.2999989,155370143.44999987,1162676515.749998,22389821.620000012,177759965.0699996,1293,NA,NA,NA,NA
"Reducing and preventing early school-leaving and promoting equal access to good quality early-childhood, primary and secondary education including formal, non-formal and informal learning pathways for reintegrating into education and training",VII.0.115,0,OP PPR,07,1306387489.0200002,653193744.2500002,647724407.2399999,5469337.53,609563874.7500002,304781936.39000005,301929974.22999996,606711910.6200002,2851964.129999999,304781938.3599999,801,NA,NA,NA,NA
"Reducing and preventing early school-leaving and promoting equal access to good quality early-childhood, primary and secondary education including formal, non-formal and informal learning pathways for reintegrating into education and training",VII.0.115,0,OP VVV,02,25151597515.014606,20569396314.841843,4481972115.632733,100229084.53999992,17107147871.319689,14042436329.773003,2973461216.326825,17015897546.099709,91250325.21999995,3064711541.546818,18359,NA,NA,NA,NA
"Improving the quality and efficiency of, and access to, tertiary and equivalent education with a view to increasing participation and attainment levels, especially for disadvantaged groups",VII.0.116,0,OP VVV,02,10660018280.060009,8682357765.749996,1690419719.2500026,287240795.0599999,6831245610.260001,5579567257.439996,1013946703.5600001,6593513960.999995,237731649.26,1251678352.8200018,420,NA,NA,NA,NA
"Investment in institutional capacity and in the efficiency of public administrations and public services at the national, regional and local levels with a view to reforms, better regulation and good governance",VIII.0.119,0,OP Z,03,5167622425.977981,4246166080.883501,891356306.150373,30100038.94410949,3011244768.9208236,2472626822.00584,513524168.5171339,2986150990.5229764,25093778.39784793,538617946.914982,621,NA,NA,NA,NA
NA,NA,1,PRV,NA,NA,NA,NA,NA,10552666,5223552,NA,NA,NA,5329114,NA,1.1.1-Vzdělávací akce,1,Projektová opatření,1
NA,NA,1,PRV,NA,NA,NA,NA,NA,17736550,8779573,NA,NA,NA,8956977,NA,1.2.1-Informační akce,1,Projektová opatření,1
NA,NA,0,PRV,NA,NA,NA,NA,NA,5064036,2506691,NA,NA,NA,2557345,NA,16.1.1-PE 16.1.1,NA,Projektová opatření,NA
NA,NA,0,PRV,NA,NA,NA,NA,NA,119800433,59301207,NA,NA,NA,60499226,NA,"16.2.1-Podpora vývoje nových produktů, postupů a technologií",NA,Projektová opatření,NA
NA,NA,0,PRV,NA,NA,NA,NA,NA,1425520552,705632661,NA,NA,NA,719887891,NA,"16.2.2-Podpora vývoje nových produktů, postupů a technologií",NA,Projektová opatření,NA
NA,NA,0,PRV,NA,NA,NA,NA,NA,23444689,11605116,NA,NA,NA,11839573,NA,16.3.1-PE 16.3.1,NA,Projektová opatření,NA
NA,NA,0,PRV,NA,NA,NA,NA,NA,1560265225,998606513.6,NA,NA,NA,561658711.4,NA,19.2.1-Podpora provádění operací v rámci komunitně vedeného,NA,Projektová opatření,NA
NA,NA,0,PRV,NA,NA,NA,NA,NA,3417031,2186896,NA,NA,NA,1230135,NA,19.3.1-PE 19.3.1,NA,Projektová opatření,NA
NA,NA,0,PRV,NA,NA,NA,NA,NA,207511920,102718316,NA,NA,NA,104793604,NA,20.1-Podpora technické pomoci (mimo CSV),NA,Projektová opatření,NA
NA,NA,0,PRV,NA,NA,NA,NA,NA,33083552,16376326,NA,NA,NA,16707226,NA,20.2-Podpora pro zřízení a činnost CSV,NA,Projektová opatření,NA
NA,NA,0,PRV,NA,NA,NA,NA,NA,8151341343,4034912512.72,NA,NA,NA,4116428830.28,NA,4.1.1-Investice do zemědělských podniků,NA,Projektová opatření,NA
NA,NA,0,PRV,NA,NA,NA,NA,NA,1870907660,926098960,NA,NA,NA,944808700,NA,4.2.1-Zpracování a uvádění na trh zemědělských produktů,NA,Projektová opatření,NA
NA,NA,0,PRV,NA,NA,NA,NA,NA,2756088829,1364263827,NA,NA,NA,1391825002,NA,4.3.1-Pozemkové úpravy,NA,Projektová opatření,NA
NA,NA,0,PRV,NA,NA,NA,NA,NA,671466497,332375802,NA,NA,NA,339090695,NA,4.3.2-Lesnická infrastruktura,NA,Projektová opatření,NA
NA,NA,0.4,PRV,NA,NA,NA,NA,NA,925694805.03,458218221.52,NA,NA,NA,467476583.51,NA,6.1.1-Zahájení činnosti mladých zemědělců,6,Projektová opatření,6
NA,NA,0.4,PRV,NA,NA,NA,NA,NA,471381398,233333660,NA,NA,NA,238047738,NA,6.4.1-Investice do nezemědělských činností,6,Projektová opatření,6
NA,NA,0.4,PRV,NA,NA,NA,NA,NA,185921951,92031330,NA,NA,NA,93890621,NA,6.4.2-Podpora agroturistiky,6,Projektová opatření,6
NA,NA,0.4,PRV,NA,NA,NA,NA,NA,21946709,10863614,NA,NA,NA,11083095,NA,6.4.3-Investice na podporu energie z obnovitelných zdrojů,6,Projektová opatření,6
NA,NA,0.4,PRV,NA,NA,NA,NA,NA,52156617,25817516,NA,NA,NA,26339101,NA,8.3.1-Zavádění preventivních opatření v lesích,8,Projektová opatření,8
NA,NA,0.4,PRV,NA,NA,NA,NA,NA,128356732,63536537,NA,NA,NA,64820195,NA,8.4.1-Obnova lesních porostů po kalamitách,8,Projektová opatření,8
NA,NA,0.4,PRV,NA,NA,NA,NA,NA,28497569,14106292,NA,NA,NA,14391277,NA,8.4.2-Odstraňování škod způsobených povodněmi,8,Projektová opatření,8
NA,NA,0.4,PRV,NA,NA,NA,NA,NA,32007332,15843561,NA,NA,NA,16163771,NA,8.5.1-Investice do ochrany melioračních a zpevňujících dřevi,8,Projektová opatření,8
NA,NA,0.4,PRV,NA,NA,NA,NA,NA,116673057,57753103,NA,NA,NA,58919954,NA,8.5.2-Neproduktivní investice v lesích,8,Projektová opatření,8
NA,NA,0.4,PRV,NA,NA,NA,NA,NA,109453796,54179621,NA,NA,NA,55274175,NA,8.5.3-Přeměna porostů náhradních dřevin,8,Projektová opatření,8
NA,NA,0.4,PRV,NA,NA,NA,NA,NA,477232720,236229945,NA,NA,NA,241002775,NA,8.6.1-Technika a technologie pro lesní hospodářství,8,Projektová opatření,8
NA,NA,0.4,PRV,NA,NA,NA,NA,NA,111471771,55178496,NA,NA,NA,56293275,NA,8.6.2-Technické vybavení dřevozpracujících provozoven,8,Projektová opatření,8
NA,NA,1,PRV,NA,NA,NA,NA,NA,12896222457.44,9672808263.87,NA,NA,NA,3223414193.57,NA,AEKO-Agroenvironmentálně-klimatické opatření (AEKO),AEKO,Plošná opatření,AEKO-Agroenvironmentálně-klimatické opatření (AEKO)
NA,NA,0,PRV,NA,NA,NA,NA,NA,143396206.46,107555281.89,NA,NA,NA,35840924.57,NA,AEO-Agroenvironmentální opatření 2007-13 (AEO),NA,Plošná opatření,NA
NA,NA,0,PRV,NA,NA,NA,NA,NA,8680053794.65,6510540691.67,NA,NA,NA,2169513102.98,NA,ANC-ANC,NA,Plošná opatření,NA
NA,NA,1,PRV,NA,NA,NA,NA,NA,5466893578.45,4100404216.54,NA,NA,NA,1366489361.91,NA,EKOZ-Ekologické zemědělství (EZ),EKOZ,Plošná opatření,EKOZ-Ekologické zemědělství (EZ)
NA,NA,0.4,PRV,NA,NA,NA,NA,NA,107650775.53999999,80738535.96,NA,NA,NA,26912239.58,NA,ELESP-Péče a náhrada,ELESP,Plošná opatření,ELESP-Péče a náhrada
NA,NA,0,PRV,NA,NA,NA,NA,NA,13561320.19,10170985.28,NA,NA,NA,3390334.91,NA,GEN-GEN,NA,Plošná opatření,NA
NA,NA,0,PRV,NA,NA,NA,NA,NA,-34875,-26156.25,NA,NA,NA,-8718.75,NA,I.1.1.1-Modernizace zemědělských podniků,NA,Plošná opatření,NA
NA,NA,0,PRV,NA,NA,NA,NA,NA,-175944.13,-131958.1,NA,NA,NA,-43986.03,NA,I.1.1.1.a-Modernizace zemědělských podniků,NA,Plošná opatření,NA
NA,NA,0,PRV,NA,NA,NA,NA,NA,130502,64598,NA,NA,NA,65904,NA,I.3.1.b-Další odborné vzdělávání a informační činnost,NA,Plošná opatření,NA
NA,NA,0,PRV,NA,NA,NA,NA,NA,6364572,3150463,NA,NA,NA,3214109,NA,"III.1.3.b-Ubytování, sport",NA,Plošná opatření,NA
NA,NA,1,PRV,NA,NA,NA,NA,NA,33974260.9,25480620.42,NA,NA,NA,8493640.48,NA,LEOD-Lesnicko-environmentální opatření (LEO),LEOD,Plošná opatření,LEOD
NA,NA,1,PRV,NA,NA,NA,NA,NA,18111505.419999998,13583613.92,NA,NA,NA,4527891.5,NA,LESND-Natura 2000 v lesích,Natura,Plošná opatření,Natura
NA,NA,1,PRV,NA,NA,NA,NA,NA,4751134404.82,3563563261.2599998,NA,NA,NA,1187571143.56,NA,LFA-Méně příznivé oblasti (LFA),LFA,Plošná opatření,LFA-Méně příznivé oblasti (LFA)
NA,NA,1,PRV,NA,NA,NA,NA,NA,50316366.39,37738356.82,NA,NA,NA,12578009.57,NA,"NAT-Natura 2000 na zemědělské půdě",Natura,Plošná opatření,Natura
NA,NA,0,PRV,NA,NA,NA,NA,NA,130612367.79,97959317.86,NA,NA,NA,32653049.93,NA,POR-Zachování porostního typu,NA,Plošná opatření,NA
NA,NA,0,PRV,NA,NA,NA,NA,NA,14197879.57,10648941.65,NA,NA,NA,3548937.92,NA,PPO-PPO,NA,Plošná opatření,NA
NA,NA,0,PRV,NA,NA,NA,NA,NA,360348391.45,178367237.6,NA,NA,NA,181981153.85,NA,PUZCP-Předčasné ukončení zemědělské činnosti (PUZČ),NA,Plošná opatření,NA
NA,NA,0,PRV,NA,NA,NA,NA,NA,3151410605.91,1560227897.37,NA,NA,NA,1591182708.54,NA,WLF-Dobré životní podmínky zvířat (Welfare/DŽPZ),NA,Plošná opatření,NA
NA,NA,0.4,PRV,NA,NA,NA,NA,NA,11785416.06,8839234.58,NA,NA,NA,2946181.48,NA,ZZPLP-Zalesnění zemědělské půdy (ZZP),ZZPLP,Plošná opatření,ZZPLP-Zalesnění zemědělské půdy (ZZP)
NA,NA,0.4,PRV,NA,NA,NA,NA,NA,6447153.27,4835383.36,NA,NA,NA,1611769.91,NA,ZZPPN-Podpora zalesňování/zakládání lesů včetně nákladů na z,ZZPPN,Plošná opatření,ZZPPN-Podpora zalesňování/zakládání lesů včetně nákladů na z
