oblast_intervence_nazev_en;oblast_intervence_kod;climate_share;sc_id;sc_nazev;op_zkr;op_id;fin_vyuct_czv;fin_vyuct_eu;fin_vyuct_sr;fin_vyuct_sf;fin_vyuct_kraj;fin_vyuct_obec;fin_vyuct_jine_nar_ver;fin_vyuct_soukr;fin_vyuct_narodni_verejne;fin_vyuct_narodni;fin_vyuct_verejne;n_prj
Research and innovation processes in large enterprises;I.0.002;0,0;01.1.02.1.1;Zvýšit inovační výkonnost podniků;OP PIK;01;6,55295988965793e+09;2,09798313100799e+09;0,00000000000000e+00;0;0,000000000000000;0,000000000000000;0,000000000000000;4454976758,649938583;-2,84826033742142e-08;4,45497675864994e+09;2097983131,00799108;591
Productive investment in large enterprises linked to the low-carbon economy;I.0.003;0,4;01.3.09.3.1;Zvýšit podíl výroby energie z obnovitelných zdrojů na hrubé konečné spotřebě ČR;OP PIK;01;1,08510766000000e+07;6,51064596000000e+06;0,00000000000000e+00;0;0,000000000000000;0,000000000000000;0,000000000000000;4340430,640000000;0,00000000000000e+00;4,34043064000000e+06;6510645,96000000;2
Productive investment in large enterprises linked to the low-carbon economy;I.0.003;0,4;01.3.14.3.4;Uplatnit inovativní nízkouhlíkové technologie v oblasti nakládání energií a při využívání druhotných surovin;OP PIK;01;3,57899242900000e+08;1,15113178150000e+08;0,00000000000000e+00;0;0,000000000000000;0,000000000000000;0,000000000000000;242786064,750000000;4,33647073805332e-09;2,42786064750000e+08;115113178,15000001;113
Productive investment in large enterprises linked to the low-carbon economy;I.0.003;0,4;01.3.15.3.5;Zvýšit účinnost soustav zásobování teplem;OP PIK;01;9,40619546100000e+07;3,09611163400000e+07;0,00000000000000e+00;0;0,000000000000000;0,000000000000000;0,000000000000000;63100838,269999996;0,00000000000000e+00;6,31008382700000e+07;30961116,34000000;7
Productive investment linked to the cooperation between large enterprises and SMEs for developing information and communication technology (‘ICT’) products and services, e-commerce and enhancing demand for ICT;I.0.004;0,0;01.4.04.4.2;Zvýšit využití potenciálu ICT sektoru pro konkurenceschopnost ekonomiky;OP PIK;01;1,94419589547000e+09;4,87273834330000e+08;0,00000000000000e+00;0;0,000000000000000;0,000000000000000;0,000000000000000;1456922061,140000105;-6,72298483550549e-09;1,45692206114000e+09;487273834,32999998;63
Electricity (storage and transmission);II.1.005;0,0;01.3.43.3.6;Posílit energetickou bezpečnost přenosové soustavy;OP PIK;01;5,72255563001000e+09;2,28902225197000e+09;0,00000000000000e+00;0;0,000000000000000;0,000000000000000;0,000000000000000;3433533378,039999962;1,25728547573090e-08;3,43353337804000e+09;2289022251,97000027;23
Renewable energy: wind;II.1.009;1,0;01.3.09.3.1;Zvýšit podíl výroby energie z obnovitelných zdrojů na hrubé konečné spotřebě ČR;OP PIK;01;0,00000000000000e+00;0,00000000000000e+00;0,00000000000000e+00;0;0,000000000000000;0,000000000000000;0,000000000000000;0,000000000;0,00000000000000e+00;0,00000000000000e+00;0,00000000;10
Renewable energy: solar;II.1.010;1,0;01.3.10.3.2;Zvýšit energetickou účinnost podnikatelského sektoru;OP PIK;01;0,00000000000000e+00;0,00000000000000e+00;0,00000000000000e+00;0;0,000000000000000;0,000000000000000;0,000000000000000;0,000000000;0,00000000000000e+00;0,00000000000000e+00;0,00000000;437
Renewable energy: biomass;II.1.011;1,0;01.3.09.3.1;Zvýšit podíl výroby energie z obnovitelných zdrojů na hrubé konečné spotřebě ČR;OP PIK;01;5,71811249650000e+08;3,81472572300000e+08;0,00000000000000e+00;0;0,000000000000000;0,000000000000000;0,000000000000000;190338677,349999994;1,62981450557709e-09;1,90338677350000e+08;381472572,30000001;97
Other renewable energy (including hydroelectric, geothermal and marine energy) and renewable energy integration (including storage, power to gas and renewable hydrogen infrastructure);II.1.012;1,0;01.3.09.3.1;Zvýšit podíl výroby energie z obnovitelných zdrojů na hrubé konečné spotřebě ČR;OP PIK;01;8,52334740000000e+06;6,81867792000000e+06;0,00000000000000e+00;0;0,000000000000000;0,000000000000000;0,000000000000000;1704669,480000000;0,00000000000000e+00;1,70466948000000e+06;6818677,92000000;31
Energy efficiency renovation of public infrastructure, demonstration projects and supporting measures;II.1.013;1,0;04.2.40.2.2;Vytvoření podmínek pro širší využití vozidel na alternativní pohon na silniční síti;OP D;04;3,51278454000000e+07;1,85617651500000e+07;0,00000000000000e+00;0;0,000000000000000;0,000000000000000;0,000000000000000;16566080,250000000;1,28056854009628e-09;1,65660802500000e+07;18561765,15000000;49
Energy efficiency renovation of public infrastructure, demonstration projects and supporting measures;II.1.013;1,0;05.5.11.5.2;Dosáhnout vysokého energetického standardu nových veřejných budov;OP ŽP;05;6,26414249650000e+08;1,51474956670000e+08;1,22415900030000e+08;0;5,000000000000000;8,000000000000000;0,000000000000000;0,000000000;0,00000000000000e+00;4,74939292980000e+08;0,00000000;41
Energy efficiency renovation of public infrastructure, demonstration projects and supporting measures;II.1.013;1,0;05.5.11.5.3;Snížit energetickou náročnost veřejných budov a zvýšit využití obnovitelných zdrojů energie v budovách ústředních vládních institucí;OP ŽP;05;3,48929588300000e+07;1,42248766200000e+07;2,01326960300000e+07;0;0,000000000000000;0,000000000000000;1,000000000000000;0,000000000;0,00000000000000e+00;2,06680822100000e+07;0,00000000;92
Energy efficiency renovation of public infrastructure, demonstration projects and supporting measures;II.1.013;1,0;05.5.18.5.1;Snížit energetickou náročnost veřejných budov a zvýšit využití obnovitelných zdrojů energie;OP ŽP;05;9,46176131820000e+09;4,08765114415000e+09;6,98931469540000e+08;0;457,000000000000000;1372,000000000000000;24,000000000000000;41718938,189999998;-1,16415321826935e-10;5,37411017405000e+09;28725955,31000000;3798
Energy efficiency renovation of public infrastructure, demonstration projects and supporting measures;II.1.013;1,0;06.6.127.6.1;REACT-EU;IROP;06;0,00000000000000e+00;0,00000000000000e+00;0,00000000000000e+00;0;0,000000000000000;0,000000000000000;0,000000000000000;0,000000000;0,00000000000000e+00;0,00000000000000e+00;0,00000000;3
Energy efficiency renovation of public infrastructure, demonstration projects and supporting measures;II.1.013;1,0;07.2.11.2.1;Energetické úspory v městských objektech dosažené také s využitím vhodných obnovitelných zdrojů energie, energeticky efektivních zařízení a inteligentních systémů řízení;OP PPR;07;9,03625631590000e+08;4,51812815670000e+08;0,00000000000000e+00;0;50,000000000000000;0,000000000000000;0,000000000000000;128251722,510000005;3,23561093410000e+08;4,51812815920000e+08;775373909,08000004;35
Energy efficiency renovation of public infrastructure, demonstration projects and supporting measures;II.1.013;1,0;07.2.13.2.2;Zvyšování atraktivity užívání městské veřejné dopravy;OP PPR;07;0,00000000000000e+00;0,00000000000000e+00;0,00000000000000e+00;0;0,000000000000000;0,000000000000000;0,000000000000000;0,000000000;0,00000000000000e+00;0,00000000000000e+00;0,00000000;1
Energy efficiency renovation of existing housing stock, demonstration projects and supporting measures;II.1.014;1,0;06.2.11.2.5;Snížení energetické náročnosti v sektoru bydlení;IROP;06;1,26091537562200e+10;4,13653512669000e+09;5,15372115900000e+07;0;3,000000000000000;408,000000000000000;0,000000000000000;6880498963,020000458;2,86399881588295e-09;8,47261862953000e+09;3318112356,42999983;4114
Intelligent Energy Distribution Systems at medium and low voltage levels (including smart grids and ICT systems);II.1.015;1,0;01.3.12.3.3;Zvýšit aplikaci prvků inteligentních sítí v distribučních soustavách;OP PIK;01;3,33782782200000e+07;1,33513112800000e+07;0,00000000000000e+00;0;0,000000000000000;0,000000000000000;0,000000000000000;20026966,940000001;9,31322574615479e-10;2,00269669400000e+07;13351311,28000000;38
High efficiency co-generation and district heating;II.1.016;1,0;01.3.15.3.5;Zvýšit účinnost soustav zásobování teplem;OP PIK;01;3,76662046598000e+09;1,39893363118000e+09;0,00000000000000e+00;0;0,000000000000000;0,000000000000000;0,000000000000000;2367686834,800000191;-2,47964635491371e-08;2,36768683480000e+09;1398933631,18000007;214
Household waste management (including minimisation, sorting, recycling measures);II.2.017;0,0;05.3.29.3.1;Prevence vzniku odpadů;OP ŽP;05;1,07864602312000e+09;9,16849118700000e+08;0,00000000000000e+00;0;0,000000000000000;599,000000000000000;1,000000000000000;5354453,420000000;-2,32830643653870e-10;1,61796904420000e+08;30341902,68000000;1404
Household waste management (including minimisation, sorting, recycling measures);II.2.017;0,0;05.3.29.3.2;Zvýšit podíl materiálového a energetického využití odpadů;OP ŽP;05;3,29218798454717e+09;2,62685866725949e+09;0,00000000000000e+00;0;1,000000000000000;891,939999996341612;10,000000000000000;328349115,480000019;-5,23868948221207e-09;6,65329317287674e+08;927991809,86290002;2695
Household waste management (including mechanical biological treatment, thermal treatment, incineration and landfill measures);II.2.018;0,0;05.3.29.3.2;Zvýšit podíl materiálového a energetického využití odpadů;OP ŽP;05;6,49217234880000e+08;4,51721818970000e+08;0,00000000000000e+00;0;0,000000000000000;50,000000000000000;2,000000000000000;117061150,069999993;-9,31322574615479e-10;1,97495415910000e+08;351136480,29000002;212
Household waste management (including mechanical biological treatment, thermal treatment, incineration and landfill measures);II.2.018;0,0;05.3.29.3.3;Rekultivovat staré skládky;OP ŽP;05;2,54593558420000e+08;2,16404524480000e+08;0,00000000000000e+00;0;0,000000000000000;41,000000000000000;0,000000000000000;895729,290000000;0,00000000000000e+00;3,81890339400000e+07;5075799,27000000;27
Commercial, industrial or hazardous waste management;II.2.019;0,0;05.3.29.3.1;Prevence vzniku odpadů;OP ŽP;05;9,39981115000000e+06;6,37691211000000e+06;0,00000000000000e+00;0;0,000000000000000;3,000000000000000;0,000000000000000;2318645,260000000;3,49245965480804e-10;3,02289904000000e+06;2386140,78000000;29
Commercial, industrial or hazardous waste management;II.2.019;0,0;05.3.29.3.2;Zvýšit podíl materiálového a energetického využití odpadů;OP ŽP;05;3,12419115862834e+08;2,09175340260508e+08;0,00000000000000e+00;0;0,000000000000000;2,060000003658426;0,000000000000000;102668058,750000000;1,39698386192322e-09;1,03243775602326e+08;205912919,10710001;204
Provision of water for human consumption (extraction, treatment, storage and distribution infrastructure);II.2.020;0,0;05.1.30.1.2;Zajistit dodávky pitné vody v odpovídající jakosti a množství;OP ŽP;05;3,47346382980000e+09;2,95244425269000e+09;0,00000000000000e+00;0;0,000000000000000;487,000000000000000;160,000000000000000;1389562,110000000;-9,31322574615479e-10;5,21019577110000e+08;7874185,19000000;186
Water management and drinking water conservation (including river basin management, water supply, specific climate change adaptation measures, district and consumer metering, charging systems and leak reduction);II.2.021;0,4;05.1.24.1.3;Zajistit povodňovou ochranu v intravilánu;OP ŽP;05;2,21894744800000e+07;1,88610532400000e+07;0,00000000000000e+00;0;0,000000000000000;10,000000000000000;0,000000000000000;854669,350000000;0,00000000000000e+00;3,32842124000000e+06;4843126,20000000;54
Water management and drinking water conservation (including river basin management, water supply, specific climate change adaptation measures, district and consumer metering, charging systems and leak reduction);II.2.021;0,4;05.1.30.1.1;Snížit množství vypouštěného znečištění do povrchových i podzemních vod z komunálních zdrojů a vnos znečišťujících látek do povrchových a podzemních vod;OP ŽP;05;3,94045417500000e+07;3,34938604200000e+07;0,00000000000000e+00;0;0,000000000000000;17,000000000000000;0,000000000000000;0,000000000;0,00000000000000e+00;5,91068133000000e+06;0,00000000;6
Waste water treatment;II.2.022;0,0;05.1.30.1.1;Snížit množství vypouštěného znečištění do povrchových i podzemních vod z komunálních zdrojů a vnos znečišťujících látek do povrchových a podzemních vod;OP ŽP;05;1,14534225442500e+10;9,73540915249000e+09;0,00000000000000e+00;0;0,000000000000000;2212,000000000000000;75,000000000000000;14014433,400000000;3,72529029846191e-09;1,71801339176000e+09;79415122,48000000;614
Railways (TEN-T Core);II.3.024;0,4;04.1.41.1.1;Zlepšení infrastruktury pro vyšší konkurenceschopnost a větší využití železniční dopravy;OP D;04;9,72308454910500e+09;8,26462186614500e+09;0,00000000000000e+00;0;0,000000000000000;0,000000000000000;0,000000000000000;0,000000000;0,00000000000000e+00;1,45846268296000e+09;0,00000000;28
Railways (TEN-T comprehensive);II.3.025;0,4;04.1.41.1.1;Zlepšení infrastruktury pro vyšší konkurenceschopnost a větší využití železniční dopravy;OP D;04;1,62581870561375e+10;1,38194589968200e+10;0,00000000000000e+00;0;0,000000000000000;0,000000000000000;0,000000000000000;0,000000000;0,00000000000000e+00;2,43872805931756e+09;0,00000000;36
Other Railways;II.3.026;0,4;04.1.41.1.1;Zlepšení infrastruktury pro vyšší konkurenceschopnost a větší využití železniční dopravy;OP D;04;1,82265167703675e+10;1,54925392537650e+10;0,00000000000000e+00;0;0,000000000000000;0,000000000000000;0,000000000000000;0,000000000;0,00000000000000e+00;2,73397751660244e+09;0,00000000;40
Mobile rail assets;II.3.027;0,4;04.1.40.1.5;Vytvoření podmínek pro širší využití železniční a vodní dopravy prostřednictvím modernizace dopravního parku;OP D;04;9,50038675610000e+08;7,72085936690000e+08;0,00000000000000e+00;0;0,000000000000000;0,000000000000000;0,000000000000000;175469672,669999987;-2,79396772384644e-09;1,77952738920000e+08;758015227,94000006;41
TEN-T motorways and roads — core network (new build);II.3.028;0,0;04.2.39.2.1;Zlepšení propojení center a regionů a zvýšení bezpečnosti a efektivnosti silniční dopravy prostřednictvím výstavby, obnovy a modernizace dálnic, rychlostních silnic a silnic sítě TEN-T včetně rozvoje systémů ITS;OP D;04;2,56959275277000e+09;2,18415383976000e+09;0,00000000000000e+00;0;0,000000000000000;0,000000000000000;0,000000000000000;0,000000000;0,00000000000000e+00;3,85438913010000e+08;0,00000000;3
TEN-T motorways and roads — comprehensive network (new build);II.3.029;0,0;04.2.39.2.1;Zlepšení propojení center a regionů a zvýšení bezpečnosti a efektivnosti silniční dopravy prostřednictvím výstavby, obnovy a modernizace dálnic, rychlostních silnic a silnic sítě TEN-T včetně rozvoje systémů ITS;OP D;04;1,28281156056200e+10;1,09038982641100e+10;0,00000000000000e+00;0;0,000000000000000;0,000000000000000;0,000000000000000;0,000000000;0,00000000000000e+00;1,92421734151000e+09;0,00000000;14
Secondary road links to TEN-T road network and nodes (new build);II.3.030;0,0;06.1.42.1.1;Zvýšení regionální mobility prostřednictvím modernizace a rozvoje sítí regionální silniční infrastruktury navazující na síť TEN-T;IROP;06;1,16070954342000e+09;9,48533763900000e+08;5,04216075800000e+07;0;47,000000000000000;0,000000000000000;0,000000000000000;0,000000000;0,00000000000000e+00;2,12175779520000e+08;0,00000000;44
Other national and regional roads (new build);II.3.031;0,0;04.3.42.3.1;Zlepšení dostupnosti regionů, zvýšení bezpečnosti a plynulosti a snížení dopadů dopravy na veřejné zdraví prostřednictvím výstavby, obnovy a zlepšení parametrů dálnic, rychlostních silnic a silnic I. třídy mimo síť TEN-T;OP D;04;1,20374710189100e+10;1,02318503649100e+10;0,00000000000000e+00;0;0,000000000000000;0,000000000000000;0,000000000000000;0,000000000;0,00000000000000e+00;1,80562065400000e+09;0,00000000;46
Other national and regional roads (new build);II.3.031;0,0;06.1.42.1.1;Zvýšení regionální mobility prostřednictvím modernizace a rozvoje sítí regionální silniční infrastruktury navazující na síť TEN-T;IROP;06;1,61095057969500e+09;1,36930799265000e+09;8,05475289800000e+07;0;24,000000000000000;0,000000000000000;0,000000000000000;0,000000000;0,00000000000000e+00;2,41642587045000e+08;0,00000000;21
TEN-T reconstructed or improved road;II.3.033;0,0;04.2.39.2.1;Zlepšení propojení center a regionů a zvýšení bezpečnosti a efektivnosti silniční dopravy prostřednictvím výstavby, obnovy a modernizace dálnic, rychlostních silnic a silnic sítě TEN-T včetně rozvoje systémů ITS;OP D;04;1,27017869336600e+10;1,07965188931300e+10;0,00000000000000e+00;0;0,000000000000000;0,000000000000000;0,000000000000000;0,000000000;0,00000000000000e+00;1,90526804053000e+09;0,00000000;16
Other reconstructed or improved road (motorway, national, regional or local);II.3.034;0,0;04.3.42.3.1;Zlepšení dostupnosti regionů, zvýšení bezpečnosti a plynulosti a snížení dopadů dopravy na veřejné zdraví prostřednictvím výstavby, obnovy a zlepšení parametrů dálnic, rychlostních silnic a silnic I. třídy mimo síť TEN-T;OP D;04;4,64029264610000e+08;3,94424874900000e+08;0,00000000000000e+00;0;0,000000000000000;0,000000000000000;0,000000000000000;0,000000000;0,00000000000000e+00;6,96043897100000e+07;0,00000000;3
Other reconstructed or improved road (motorway, national, regional or local);II.3.034;0,0;06.1.42.1.1;Zvýšení regionální mobility prostřednictvím modernizace a rozvoje sítí regionální silniční infrastruktury navazující na síť TEN-T;IROP;06;1,53284408274150e+10;1,29475566883400e+10;7,50098439120000e+08;0;537,000000000000000;0,000000000000000;0,000000000000000;0,000000000;0,00000000000000e+00;2,38088413907500e+09;0,00000000;614
Other reconstructed or improved road (motorway, national, regional or local);II.3.034;0,0;11.2.45.2.1;Zvýšení návštěvnosti regionu prostřednictvím vyššího využití potenciálu přírodních a kulturních zdrojů;OP ČR-PL;11;0,00000000000000e+00;0,00000000000000e+00;0,00000000000000e+00;0;0,000000000000000;0,000000000000000;0,000000000000000;0,000000000;0,00000000000000e+00;0,00000000000000e+00;0,00000000;9
Multimodal transport (TEN-T);II.3.035;0,4;04.1.40.1.3;Vytvoření podmínek pro větší využití multimodální dopravy;OP D;04;1,19351250000000e+07;5,84821125000000e+06;0,00000000000000e+00;0;0,000000000000000;0,000000000000000;0,000000000000000;6086913,750000000;0,00000000000000e+00;6,08691375000000e+06;5848211,25000000;1
Multimodal transport (TEN-T);II.3.035;0,4;04.1.40.1.5;Vytvoření podmínek pro širší využití železniční a vodní dopravy prostřednictvím modernizace dopravního parku;OP D;04;0,00000000000000e+00;0,00000000000000e+00;0,00000000000000e+00;0;0,000000000000000;0,000000000000000;0,000000000000000;0,000000000;0,00000000000000e+00;0,00000000000000e+00;0,00000000;120
Multimodal transport;II.3.036;0,4;04.1.40.1.3;Vytvoření podmínek pro větší využití multimodální dopravy;OP D;04;2,43868603680000e+08;1,05612241960000e+08;0,00000000000000e+00;0;0,000000000000000;0,000000000000000;0,000000000000000;138256361,719999999;-4,65661287307739e-10;1,38256361720000e+08;105612241,95999999;21
Clean urban transport infrastructure and promotion (including equipment and rolling stock);II.4.043;0,4;04.1.40.1.4;Vytvoření podmínek pro zvýšení využívání veřejné hromadné dopravy ve městech v elektrické trakci;OP D;04;1,97172163164000e+09;1,67596338664000e+09;0,00000000000000e+00;0;0,000000000000000;30,000000000000000;1,000000000000000;147687690,729999989;1,40425981953740e-09;2,95758245000000e+08;836896913,78999996;55
Clean urban transport infrastructure and promotion (including equipment and rolling stock);II.4.043;0,4;04.1.40.1.5;Vytvoření podmínek pro širší využití železniční a vodní dopravy prostřednictvím modernizace dopravního parku;OP D;04;2,58086640000000e+09;2,19373644000000e+09;0,00000000000000e+00;0;2,000000000000000;0,000000000000000;0,000000000000000;0,000000000;0,00000000000000e+00;3,87129960000000e+08;0,00000000;1
Clean urban transport infrastructure and promotion (including equipment and rolling stock);II.4.043;0,4;06.1.13.1.2;Zvýšení podílu udržitelných forem dopravy;IROP;06;5,46387374876000e+09;4,64429268553000e+09;6,19016588000000e+07;0;4,000000000000000;188,000000000000000;0,000000000000000;636907864,240000010;1,01335365000001e+06;8,19581063230000e+08;3615900254,80000019;381
Clean urban transport infrastructure and promotion (including equipment and rolling stock);II.4.043;0,4;07.2.13.2.2;Zvyšování atraktivity užívání městské veřejné dopravy;OP PPR;07;1,26518574200000e+08;6,32592870900000e+07;0,00000000000000e+00;0;5,000000000000000;0,000000000000000;0,000000000000000;12651857,430000000;5,06074296800000e+07;6,32592871100000e+07;113866716,77000000;5
Clean urban transport infrastructure and promotion (including equipment and rolling stock);II.4.043;0,4;07.2.13.2.3;Rozvoj nízkoemisní mobility v oblasti městské dopravy v uličním provozu;OP PPR;07;0,00000000000000e+00;0,00000000000000e+00;0,00000000000000e+00;0;0,000000000000000;0,000000000000000;0,000000000000000;0,000000000;0,00000000000000e+00;0,00000000000000e+00;0,00000000;2
Intelligent transport systems (including the introduction of demand management, tolling systems, IT monitoring, control and information systems);II.4.044;0,4;04.2.40.2.3;Zlepšení řízení dopravního provozu a zvyšování bezpečnosti dopravního provozu;OP D;04;6,78430449910000e+08;5,76665882360000e+08;0,00000000000000e+00;0;0,000000000000000;15,000000000000000;0,000000000000000;0,000000000;0,00000000000000e+00;1,01764567550000e+08;0,00000000;45
Intelligent transport systems (including the introduction of demand management, tolling systems, IT monitoring, control and information systems);II.4.044;0,4;06.1.13.1.2;Zvýšení podílu udržitelných forem dopravy;IROP;06;7,67764710300000e+09;6,52600003619000e+09;1,70482224740000e+08;0;1,000000000000000;289,000000000000000;0,000000000000000;643046686,240000010;7,14790076017380e-08;1,15164706681000e+09;3643931221,01000023;425
"ICT: High-speed broadband network (access/local loop; >/= 30 Mbps)";II.5.046;0,0;01.4.03.4.1;Zvětšit pokrytí vysokorychlostním přístupem k internetu;OP PIK;01;0,00000000000000e+00;0,00000000000000e+00;0,00000000000000e+00;0;0,000000000000000;0,000000000000000;0,000000000000000;0,000000000;0,00000000000000e+00;0,00000000000000e+00;0,00000000;105
"ICT: Other types of ICT infrastructure/large-scale computer resources/equipment (including e-infrastructure, data centres and sensors; also where embedded in other infrastructure such as research facilities, environmental and social infrastructure)";II.5.048;0,0;01.4.04.4.2;Zvýšit využití potenciálu ICT sektoru pro konkurenceschopnost ekonomiky;OP PIK;01;1,69317873222000e+09;6,76971589120000e+08;0,00000000000000e+00;0;0,000000000000000;0,000000000000000;0,000000000000000;1016207143,100000024;7,56699591875076e-10;1,01620714310000e+09;676971589,12000000;122
Education infrastructure for tertiary education;III.0.049;0,0;02.2.67.1;Zkvalitnění vzdělávací infrastruktury na vysokých školách za účelem zajištění vysoké kvality výuky, zlepšení přístupu znevýhodněných skupin a zvýšení otevřenosti vysokých škol;OP VVV;02;9,81869750890000e+09;8,00099058912000e+09;1,32443098748000e+09;0;0,000000000000000;0,000000000000000;169,000000000000000;308692633,290000021;8,18106817040000e+08;1,81770691978000e+09;5818338927,48999977;148
Education infrastructure for vocational education and training and adult learning;III.0.050;0,0;01.2.07.2.4;Zvýšit kapacitu pro odborné vzdělávání v MSP;OP PIK;01;3,53405324720000e+08;1,76683880210000e+08;0,00000000000000e+00;0;0,000000000000000;0,000000000000000;0,000000000000000;176721444,509999990;-1,16779119707644e-09;1,76721444510000e+08;176683880,21000001;293
Education infrastructure for school education (primary and general secondary education);III.0.051;0,0;06.2.67.2.4;Zvýšení kvality a dostupnosti infrastruktury pro vzdělávání a celoživotní učení;IROP;06;1,41062098292200e+10;1,19902783449300e+10;6,97276352650000e+08;0;407,000000000000000;1065,000000000000000;0,000000000000000;130040070,659999996;5,29688256500000e+07;2,11593148429000e+09;1090019230,72000003;2051
Education infrastructure for school education (primary and general secondary education);III.0.051;0,0;06.4.59.4.1;Posílení komunitně vedeného místního rozvoje za účelem zvýšení kvality života ve venkovských oblastech a aktivizace místního potenciálu;IROP;06;1,62855345631000e+09;1,54712577955000e+09;0,00000000000000e+00;0;44,000000000000000;728,000000000000000;0,000000000000000;3882731,070000000;3,20142135024071e-10;8,14276767600000e+07;73771885,12000000;1507
Education infrastructure for school education (primary and general secondary education);III.0.051;0,0;07.4.67.4.1;Navýšení kapacity a zkvalitnění předškolního, základního a středního vzdělávání a zařízení pro poskytování péče o děti do 3 let;OP PPR;07;6,83999555410235e+08;3,41999777078979e+08;0,00000000000000e+00;0;212,977699997937350;0,000000000000000;0,000000000000000;103772016,880951717;2,38227761450304e+08;3,41999778331256e+08;580227538,52928364;454
Infrastructure for early childhood education and care;III.0.052;0,0;06.2.67.2.4;Zvýšení kvality a dostupnosti infrastruktury pro vzdělávání a celoživotní učení;IROP;06;4,12776497329000e+09;3,50860022518000e+09;2,11363383490000e+08;0;0,000000000000000;417,000000000000000;0,000000000000000;33971461,509999998;2,44484326200000e+07;6,19164748110000e+08;355494497,83999997;490
Infrastructure for early childhood education and care;III.0.052;0,0;07.4.67.4.1;Navýšení kapacity a zkvalitnění předškolního, základního a středního vzdělávání a zařízení pro poskytování péče o děti do 3 let;OP PPR;07;3,37275478799765e+08;1,68637739251021e+08;0,00000000000000e+00;0;81,022300002062650;0,000000000000000;0,000000000000000;50739978,349048287;1,17897761199696e+08;1,68637739548744e+08;286535500,45071638;106
Health infrastructure;III.0.053;0,0;06.2.56.2.3;Rozvoj infrastruktury pro poskytování zdravotních služeb a péče o zdraví;IROP;06;7,67177507271000e+09;6,47339132174000e+09;3,70373932640000e+08;0;50,000000000000000;9,000000000000000;27,000000000000000;571902095,750000000;-8,92905518412590e-08;1,19838375097000e+09;3240778538,11000013;194
Health infrastructure;III.0.053;0,0;06.6.127.6.1;REACT-EU;IROP;06;0,00000000000000e+00;0,00000000000000e+00;0,00000000000000e+00;0;0,000000000000000;0,000000000000000;0,000000000000000;0,000000000;0,00000000000000e+00;0,00000000000000e+00;0,00000000;125
Housing infrastructure;III.0.054;0,0;06.2.56.2.1;Zvýšení kvality a dostupnosti služeb vedoucí k sociální inkluzi;IROP;06;1,75577449936000e+09;1,49240832332000e+09;1,11349079890000e+08;0;15,000000000000000;249,000000000000000;0,000000000000000;23560355,090000000;4,71207097400000e+07;2,63366176040000e+08;447646742,41000003;586
Other social infrastructure contributing to regional and local development;III.0.055;0,0;06.2.56.2.1;Zvýšení kvality a dostupnosti služeb vedoucí k sociální inkluzi;IROP;06;3,98357481313000e+09;3,38603858873000e+09;2,85552208590000e+08;0;76,000000000000000;202,000000000000000;0,000000000000000;82784130,469999999;1,64932401890000e+08;5,97536224400000e+08;1568659410,97000003;627
Other social infrastructure contributing to regional and local development;III.0.055;0,0;06.6.127.6.1;REACT-EU;IROP;06;0,00000000000000e+00;0,00000000000000e+00;0,00000000000000e+00;0;0,000000000000000;0,000000000000000;0,000000000000000;0,000000000;0,00000000000000e+00;0,00000000000000e+00;0,00000000;5
Other social infrastructure contributing to regional and local development;III.0.055;0,0;07.3.56.3.1;Posílení sociální infrastruktury pro integraci, komunitní služby a prevenci;OP PPR;07;3,31439718080000e+08;1,65719858820000e+08;0,00000000000000e+00;0;93,000000000000000;0,000000000000000;0,000000000000000;29736663,910000000;7,41349271300000e+07;1,65719859260000e+08;178006517,91999999;96
Other social infrastructure contributing to regional and local development;III.0.055;0,0;07.3.58.3.2;Posílení infrastruktury pro sociální podnikání;OP PPR;07;1,36994000000000e+05;6,84970000000000e+04;0,00000000000000e+00;0;1,000000000000000;0,000000000000000;0,000000000000000;0,000000000;0,00000000000000e+00;6,84970000000000e+04;0,00000000;2
Investment in infrastructure, capacities and equipment in SMEs directly linked to research and innovation activities;IV.1.056;0,0;01.1.02.1.1;Zvýšit inovační výkonnost podniků;OP PIK;01;8,79471909215500e+09;3,85058508232500e+09;0,00000000000000e+00;0;0,000000000000000;0,000000000000000;0,000000000000000;4944134009,829999924;-3,70328052667901e-08;4,94413400983000e+09;3850585082,32499981;1914
Investment in infrastructure, capacities and equipment in large companies directly linked to research and innovation activities;IV.1.057;0,0;01.1.02.1.1;Zvýšit inovační výkonnost podniků;OP PIK;01;6,69699695742500e+09;2,36928366830000e+09;0,00000000000000e+00;0;0,000000000000000;0,000000000000000;0,000000000000000;4327713289,125000000;-3,39059624820948e-08;4,32771328912500e+09;2369283668,30000019;413
Research and innovation infrastructure (public);IV.1.058;0,0;01.1.02.1.2;Zvýšit intenzitu a účinnost spolupráce ve výzkumu, vývoji a inovacích;OP PIK;01;4,07162837200000e+08;2,67669865980000e+08;0,00000000000000e+00;0;0,000000000000000;0,000000000000000;0,000000000000000;139492971,219999999;1,53668224811554e-08;1,39492971220000e+08;267669865,98000002;32
Research and innovation infrastructure (public);IV.1.058;0,0;02.1.01.1;Zvýšení mezinárodní kvality výzkumu a jeho výsledků;OP VVV;02;8,54376378329491e+09;6,88370453373012e+09;1,23441046151903e+09;0;0,000000000000000;0,000000000000000;43,000000000000000;395123655,940770030;1,11820084963903e+09;1,66005924956480e+09;7507349363,41914177;99
Research and innovation infrastructure (public);IV.1.058;0,0;02.1.01.2;Budování kapacit a posílení dlouhodobé spolupráce výzkumných organizací s aplikační sférou;OP VVV;02;6,64418952157343e+08;5,54148297389142e+08;8,11671723291343e+07;0;0,000000000000000;0,000000000000000;59,200000000092395;4832709,340000000;1,27794421200000e+07;1,10270654768201e+08;91821474,29000001;17
Research and innovation infrastructure (public);IV.1.058;0,0;02.1.01.3;Zkvalitnění infrastruktury pro výzkumně vzdělávací účely;OP VVV;02;1,66913320073000e+09;1,36453716787000e+09;2,21139359360000e+08;0;0,000000000000000;0,000000000000000;0,000000000000000;83456673,500000000;2,21139359360000e+08;3,04596032860000e+08;1585676527,23000002;47
Research and innovation infrastructure (private, including science parks);IV.1.059;0,0;01.1.02.1.2;Zvýšit intenzitu a účinnost spolupráce ve výzkumu, vývoji a inovacích;OP PIK;01;1,21424063887000e+09;6,07120319350000e+08;0,00000000000000e+00;0;0,000000000000000;0,000000000000000;0,000000000000000;607120319,519999981;-3,72529029846191e-09;6,07120319520000e+08;607120319,35000002;121
Research and innovation activities in public research centres and centres of competence including networking;IV.1.060;0,0;01.1.02.1.1;Zvýšit inovační výkonnost podniků;OP PIK;01;4,60020251639953e+08;2,89893607986185e+08;0,00000000000000e+00;0;0,000000000000000;0,000000000000000;0,000000000000000;170126643,653767228;2,93857930273224e-10;1,70126643653767e+08;289893607,98618531;630
Research and innovation activities in public research centres and centres of competence including networking;IV.1.060;0,0;02.1.01.1;Zvýšení mezinárodní kvality výzkumu a jeho výsledků;OP VVV;02;1,29346325073909e+09;1,00825972517988e+09;2,25930951966974e+08;0;0,000000000000000;0,000000000000000;2,000000000000000;58652556,207229987;2,06796499836974e+08;2,85203525559204e+08;1114398547,57685781;15
Research and innovation activities in public research centres and centres of competence including networking;IV.1.060;0,0;02.1.01.2;Budování kapacit a posílení dlouhodobé spolupráce výzkumných organizací s aplikační sférou;OP VVV;02;1,58147193226035e+09;1,29258882464041e+09;1,74352467790293e+08;0;0,000000000000000;0,000000000000000;151,721222569698881;11523584,065028844;3,19882946063634e+07;2,88883107619942e+08;218948088,48229951;47
Research and innovation activities in public research centres and centres of competence including networking;IV.1.060;0,0;02.1.01.4;Zlepšení strategického řízení výzkumu na národní úrovni;OP VVV;02;1,00080148270000e+09;7,14107949385000e+08;2,86693533315000e+08;0;0,000000000000000;0,000000000000000;0,000000000000000;0,000000000;0,00000000000000e+00;2,86693533315000e+08;0,00000000;2
Research and innovation activities in private research centres including networking;IV.1.061;0,0;01.1.02.1.1;Zvýšit inovační výkonnost podniků;OP PIK;01;7,02714013554511e+09;4,07912113974401e+09;0,00000000000000e+00;0;0,000000000000000;0,000000000000000;0,000000000000000;2948018995,801100731;-1,77088438540770e-08;2,94801899580110e+09;4079121139,74400520;2161
Research and innovation activities in private research centres including networking;IV.1.061;0,0;01.1.02.1.2;Zvýšit intenzitu a účinnost spolupráce ve výzkumu, vývoji a inovacích;OP PIK;01;9,66656173400000e+07;6,20088087100000e+07;0,00000000000000e+00;0;0,000000000000000;0,000000000000000;0,000000000000000;34656808,630000003;1,14960130304098e-09;3,46568086300000e+07;62008808,71000000;147
Research and innovation activities in private research centres including networking;IV.1.061;0,0;02.1.01.1;Zvýšení mezinárodní kvality výzkumu a jeho výsledků;OP VVV;02;5,32749201627600e+09;4,10436977770000e+09;9,69095989684000e+08;0;0,000000000000000;0,000000000000000;119,000000000000000;84954086,862000003;3,19757734114000e+08;1,22312223857600e+09;1614127638,81399989;33
Research and innovation activities in private research centres including networking;IV.1.061;0,0;02.1.01.2;Budování kapacit a posílení dlouhodobé spolupráce výzkumných organizací s aplikační sférou;OP VVV;02;1,86860660172310e+08;1,51555666630453e+08;2,29101300805727e+07;0;0,000000000000000;0,000000000000000;15,078777430208740;3995367,444971155;7,99073482363659e+06;3,53049935418567e+07;75911980,69770047;11
Research and innovation activities in private research centres including networking;IV.1.061;0,0;02.1.01.4;Zlepšení strategického řízení výzkumu na národní úrovni;OP VVV;02;2,86441573000000e+06;2,07985225500000e+06;7,84563475000000e+05;0;0,000000000000000;0,000000000000000;0,000000000000000;0,000000000;0,00000000000000e+00;7,84563475000000e+05;0,00000000;1
Technology transfer and university-enterprise cooperation primarily benefiting SMEs;IV.1.062;0,0;01.1.02.1.2;Zvýšit intenzitu a účinnost spolupráce ve výzkumu, vývoji a inovacích;OP PIK;01;1,26106346410000e+08;8,82744419600000e+07;0,00000000000000e+00;0;0,000000000000000;0,000000000000000;0,000000000000000;37831904,450000003;-7,85803422331810e-10;3,78319044500000e+07;88274441,95999999;137
Technology transfer and university-enterprise cooperation primarily benefiting SMEs;IV.1.062;0,0;07.1.02.1.1;Vyšší míra mezisektorové spolupráce stimulovaná regionální samosprávou;OP PPR;07;7,49602718980000e+08;3,74801359030000e+08;0,00000000000000e+00;0;224,000000000000000;0,000000000000000;0,000000000000000;74960272,730000004;2,99841087220000e+08;3,74801359950000e+08;674642446,25000000;88
Technology transfer and university-enterprise cooperation primarily benefiting SMEs;IV.1.062;0,0;07.1.02.1.2;Snazší vznik a rozvoj znalostně intenzivních firem;OP PPR;07;0,00000000000000e+00;0,00000000000000e+00;0,00000000000000e+00;0;0,000000000000000;0,000000000000000;0,000000000000000;0,000000000;0,00000000000000e+00;0,00000000000000e+00;0,00000000;1
Cluster support and business networks primarily benefiting SMEs;IV.1.063;0,0;01.1.02.1.1;Zvýšit inovační výkonnost podniků;OP PIK;01;3,66355738108000e+08;1,98442829894000e+08;0,00000000000000e+00;0;0,000000000000000;0,000000000000000;0,000000000000000;167912908,214000016;1,04773789644241e-09;1,67912908214000e+08;198442829,89399999;117
Cluster support and business networks primarily benefiting SMEs;IV.1.063;0,0;01.1.02.1.2;Zvýšit intenzitu a účinnost spolupráce ve výzkumu, vývoji a inovacích;OP PIK;01;1,00892577786000e+09;5,54917416390000e+08;0,00000000000000e+00;0;0,000000000000000;0,000000000000000;0,000000000000000;454008361,470000029;-2,02271621674299e-09;4,54008361470000e+08;554917416,38999999;291
Research and innovation processes in SMEs (including voucher schemes, process, design, service and social innovation);IV.1.064;0,0;01.1.02.1.1;Zvýšit inovační výkonnost podniků;OP PIK;01;4,81841723825000e+09;1,86241368551000e+09;0,00000000000000e+00;0;0,000000000000000;0,000000000000000;0,000000000000000;2956003552,739999771;-1,91048457054421e-08;2,95600355274000e+09;1862413685,50999999;1261
Research and innovation processes in SMEs (including voucher schemes, process, design, service and social innovation);IV.1.064;0,0;01.1.02.1.2;Zvýšit intenzitu a účinnost spolupráce ve výzkumu, vývoji a inovacích;OP PIK;01;3,13342529420000e+08;2,34584706370000e+08;0,00000000000000e+00;0;0,000000000000000;0,000000000000000;0,000000000000000;78757823,049999997;2,91038304567337e-11;7,87578230500000e+07;234584706,37000000;2161
Research and innovation processes in SMEs (including voucher schemes, process, design, service and social innovation);IV.1.064;0,0;07.1.02.1.1;Vyšší míra mezisektorové spolupráce stimulovaná regionální samosprávou;OP PPR;07;2,77333746600000e+07;1,38666873300000e+07;0,00000000000000e+00;0;16,000000000000000;0,000000000000000;0,000000000000000;2773337,490000000;1,10933498400000e+07;1,38666873300000e+07;24960037,17000000;7
Research and innovation processes in SMEs (including voucher schemes, process, design, service and social innovation);IV.1.064;0,0;07.1.02.1.2;Snazší vznik a rozvoj znalostně intenzivních firem;OP PPR;07;0,00000000000000e+00;0,00000000000000e+00;0,00000000000000e+00;0;0,000000000000000;0,000000000000000;0,000000000000000;0,000000000;0,00000000000000e+00;0,00000000000000e+00;0,00000000;3
Research and innovation infrastructure, processes, technology transfer and cooperation in enterprises focusing on the low carbon economy and on resilience to climate change;IV.1.065;1,0;01.1.02.1.1;Zvýšit inovační výkonnost podniků;OP PIK;01;7,22794485949012e+08;2,95610293292818e+08;0,00000000000000e+00;0;0,000000000000000;0,000000000000000;0,000000000000000;427184192,656193614;-2,25364300421843e-08;4,27184192656194e+08;295610293,29281825;276
Advanced support services for SMEs and groups of SMEs (including management, marketing and design services);IV.2.066;0,0;01.2.111.2.2;Zvýšit internacionalizaci malých a středních podniků;OP PIK;01;1,33805876267000e+09;7,30678099820000e+08;2,64208807100000e+07;0;0,000000000000000;0,000000000000000;0,000000000000000;580959782,139999986;-2,99382918456104e-09;6,07380662850000e+08;580959776,80999994;1113
Advanced support services for SMEs and groups of SMEs (including management, marketing and design services);IV.2.066;0,0;07.1.02.1.2;Snazší vznik a rozvoj znalostně intenzivních firem;OP PPR;07;1,40207742750000e+08;7,01038713300000e+07;0,00000000000000e+00;0;15,000000000000000;0,000000000000000;0,000000000000000;12143414,570000000;5,79604568500000e+07;7,01038714200000e+07;128064328,17999999;8
SME business development, support to entrepreneurship and incubation (including support to spin offs and spin outs);IV.2.067;0,0;01.2.06.2.1;Zvýšit konkurenceschopnost začínajících a rozvojových MSP;OP PIK;01;1,06549784513200e+10;4,50335586523000e+09;0,00000000000000e+00;0;0,000000000000000;0,000000000000000;0,000000000000000;6151622586,090000153;2,38069333136082e-08;6,15162258609000e+09;4503355865,23000050;4221
SME business development, support to entrepreneurship and incubation (including support to spin offs and spin outs);IV.2.067;0,0;07.1.02.1.2;Snazší vznik a rozvoj znalostně intenzivních firem;OP PPR;07;1,65478499370000e+08;8,27392496200000e+07;0,00000000000000e+00;0;25,000000000000000;0,000000000000000;0,000000000000000;16196776,289999999;6,65424734600000e+07;8,27392497500000e+07;149281723,08000001;27
Energy efficiency and demonstration projects in SMEs and supporting measures;IV.2.068;1,0;01.3.10.3.2;Zvýšit energetickou účinnost podnikatelského sektoru;OP PIK;01;1,04302712937300e+10;4,84445455901000e+09;0,00000000000000e+00;0;0,000000000000000;0,000000000000000;0,000000000000000;5585816734,720000267;-2,08638084586710e-08;5,58581673472000e+09;4844454559,01000023;4428
Support to environmentally-friendly production processes and resource efficiency in SMEs;IV.2.069;0,4;01.3.14.3.4;Uplatnit inovativní nízkouhlíkové technologie v oblasti nakládání energií a při využívání druhotných surovin;OP PIK;01;9,57945402840000e+08;4,85077487760000e+08;0,00000000000000e+00;0;0,000000000000000;0,000000000000000;0,000000000000000;472867915,079999983;-6,54836185276508e-11;4,72867915080000e+08;485077487,75999999;1528
Promotion of energy efficiency in large enterprises;IV.2.070;1,0;01.3.10.3.2;Zvýšit energetickou účinnost podnikatelského sektoru;OP PIK;01;4,93995391805000e+09;1,51781437017000e+09;0,00000000000000e+00;0;0,000000000000000;0,000000000000000;0,000000000000000;3422139547,880000114;1,89174897968769e-09;3,42213954788000e+09;1517814370,17000008;1132
Business infrastructure for SMEs (including industrial parks and sites);IV.2.072;0,0;01.2.07.2.3;Zvýšit využitelnost infrastruktury pro podnikání;OP PIK;01;6,33867126906000e+09;2,61033981613000e+09;0,00000000000000e+00;0;0,000000000000000;0,000000000000000;0,000000000000000;3728331452,929999828;2,02853698283434e-08;3,72833145293000e+09;2610339816,13000011;1020
Support to social enterprises (SMEs);IV.2.073;0,0;06.2.58.2.2;Vznik nových a rozvoj existujících podnikatelských aktivit v oblasti sociálního podnikání;IROP;06;5,40979143200000e+08;4,59832271270000e+08;0,00000000000000e+00;0;0,000000000000000;0,000000000000000;0,000000000000000;81146871,930000007;-1,30967237055302e-09;8,11468719300000e+07;459832271,26999998;532
Support to social enterprises (SMEs);IV.2.073;0,0;07.3.58.3.2;Posílení infrastruktury pro sociální podnikání;OP PPR;07;4,32551807600000e+07;2,16275903500000e+07;0,00000000000000e+00;0;32,000000000000000;0,000000000000000;0,000000000000000;0,000000000;0,00000000000000e+00;2,16275904100000e+07;0,00000000;42
Development and promotion of commercial tourism assets in SMEs;IV.2.074;0,0;01.2.07.2.3;Zvýšit využitelnost infrastruktury pro podnikání;OP PIK;01;1,17046586400000e+07;5,26709638000000e+06;0,00000000000000e+00;0;0,000000000000000;0,000000000000000;0,000000000000000;6437562,260000000;6,98491930961609e-10;6,43756226000000e+06;5267096,38000000;42
e-Government services and applications (including e-Procurement, ICT measures supporting the reform of public administration, cyber-security, trust and privacy measures, e-Justice and e-Democracy);IV.3.078;0,0;06.3.05.3.2;Zvyšování efektivity a transparentnosti veřejné správy prostřednictvím rozvoje využití a kvality systémů IKT;IROP;06;3,73165900361000e+09;3,11826030560000e+09;3,20017075290000e+08;0;58,000000000000000;207,000000000000000;0,000000000000000;104823106,409999996;-6,51925802230835e-09;6,13398698010000e+08;561662422,79999995;551
ICT Services and applications for SMEs (including e-Commerce, e-Business and networked business processes), living labs, web entrepreneurs and ICT start-ups);IV.3.082;0,0;01.4.04.4.2;Zvýšit využití potenciálu ICT sektoru pro konkurenceschopnost ekonomiky;OP PIK;01;4,37096495463000e+09;1,85845932956000e+09;0,00000000000000e+00;0;0,000000000000000;0,000000000000000;0,000000000000000;2512505625,070000172;4,73301042802632e-09;2,51093968184000e+09;1858459329,55999994;661
Air quality measures;IV.4.083;0,4;05.2.28.2.4;Snížit emise stacionárních zdrojů podílející se na expozici obyvatelstva nadlimitním koncentracím znečišťujících látek v uhelných regionech;OP ŽP;05;1,26482626200000e+08;8,72097262300000e+07;0,00000000000000e+00;0;0,000000000000000;0,000000000000000;0,000000000000000;39272899,969999999;-4,65661287307739e-10;3,92728999700000e+07;87209726,23000000;155
Air quality measures;IV.4.083;0,4;05.2.32.2.1;Snížit emise z lokálního vytápění domácností podílející se na expozici obyvatelstva nadlimitním koncentracím znečišťujících látek.;OP ŽP;05;8,41918284829000e+09;8,41918284829000e+09;0,00000000000000e+00;0;0,000000000000000;0,000000000000000;0,000000000000000;0,000000000;0,00000000000000e+00;0,00000000000000e+00;0,00000000;42
Air quality measures;IV.4.083;0,4;05.2.32.2.2;Snížit emise stacionárních zdrojů podílející se na expozici obyvatelstva nadlimitním koncentracím znečišťujících látek;OP ŽP;05;3,70098126354000e+09;2,12561105798000e+09;0,00000000000000e+00;0;0,000000000000000;10,000000000000000;0,000000000000000;1552716365,019999981;3,14321368932724e-09;1,57537020556000e+09;2100736204,86999989;460
Air quality measures;IV.4.083;0,4;05.2.32.2.3;Zlepšit systém sledování, hodnocení a předpovídání vývoje kvality ovzduší a souvisejících meteorologických aspektů;OP ŽP;05;5,00007172280000e+08;4,25006096310000e+08;6,21577917200000e+07;0;1,000000000000000;10,000000000000000;3,000000000000000;284700,000000000;0,00000000000000e+00;7,50010759700000e+07;1613300,00000000;41
Protection and enhancement of biodiversity, nature protection and green infrastructure;IV.4.085;0,4;05.1.24.1.3;Zajistit povodňovou ochranu v intravilánu;OP ŽP;05;3,16293161000000e+06;1,88111712000000e+06;0,00000000000000e+00;0;0,000000000000000;2,000000000000000;0,000000000000000;0,000000000;0,00000000000000e+00;1,28181449000000e+06;0,00000000;9
Protection and enhancement of biodiversity, nature protection and green infrastructure;IV.4.085;0,4;05.4.27.4.1;Zajistit příznivý stav předmětu ochrany národně významných chráněných území;OP ŽP;05;4,18871923730000e+08;4,04435941130000e+08;0,00000000000000e+00;0;0,000000000000000;16,000000000000000;20,000000000000000;4635520,910000000;-2,98314262181520e-10;1,44359826000000e+07;26267951,22000000;131
Protection and enhancement of biodiversity, nature protection and green infrastructure;IV.4.085;0,4;05.4.27.4.2;Posílit biodiverzitu;OP ŽP;05;1,09769642260000e+08;9,53402024300000e+07;8,92362130000000e+05;0;8,000000000000000;20,000000000000000;20,000000000000000;8174680,300000000;-1,60071067512035e-10;1,44294398300000e+07;45736988,66000000;239
Protection and enhancement of biodiversity, nature protection and green infrastructure;IV.4.085;0,4;05.4.27.4.3;Posílit přirozené funkce krajiny;OP ŽP;05;2,61925006324000e+09;2,41561224426000e+09;9,13601350000000e+05;0;36,000000000000000;718,000000000000000;42,000000000000000;70338793,659999996;-3,51519702235237e-09;2,03637818980000e+08;294655962,30000001;1800
Protection and enhancement of biodiversity, nature protection and green infrastructure;IV.4.085;0,4;05.4.27.4.4;Zlepšit kvalitu prostředí v sídlech;OP ŽP;05;4,10873521410000e+08;2,47018303370000e+08;1,42070321000000e+06;0;24,000000000000000;572,000000000000000;1,000000000000000;2548063,520000000;1,01863406598568e-10;1,63855218040000e+08;3822095,24000000;966
Protection, restoration and sustainable use of Natura 2000 sites;IV.4.086;0,4;05.4.27.4.1;Zajistit příznivý stav předmětu ochrany národně významných chráněných území;OP ŽP;05;6,65954895440000e+08;5,97116744750000e+08;5,27248814400000e+07;0;5,000000000000000;10,000000000000000;11,000000000000000;1839526,460000000;-2,08092387765646e-09;6,88381506900000e+07;13533390,32000000;126
Adaptation to climate change measures and prevention and management of climate related risks e.g. erosion, fires, flooding, storms and drought, including awareness raising, civil protection and disaster management systems and infrastructures;IV.4.087;1,0;05.1.24.1.3;Zajistit povodňovou ochranu v intravilánu;OP ŽP;05;8,97175639120000e+08;7,55066236350000e+08;0,00000000000000e+00;0;3,000000000000000;137,000000000000000;1,000000000000000;6880444,230000000;-1,16415321826935e-09;1,42109402770000e+08;38989183,63000000;566
Adaptation to climate change measures and prevention and management of climate related risks e.g. erosion, fires, flooding, storms and drought, including awareness raising, civil protection and disaster management systems and infrastructures;IV.4.087;1,0;06.1.23.1.3;Zvýšení připravenosti k řešení a řízení rizik a katastrof;IROP;06;3,73063327616600e+09;3,17103828380400e+09;3,57967988949000e+08;0;25,000000000000000;274,800000000000011;0,000000000000000;0,000000000;0,00000000000000e+00;5,59594992362000e+08;0,00000000;492
Adaptation to climate change measures and prevention and management of climate related risks e.g. erosion, fires, flooding, storms and drought, including awareness raising, civil protection and disaster management systems and infrastructures;IV.4.087;1,0;06.4.59.4.1;Posílení komunitně vedeného místního rozvoje za účelem zvýšení kvality života ve venkovských oblastech a aktivizace místního potenciálu;IROP;06;3,33040122750000e+08;3,16388116380000e+08;2,82924600000000e+04;0;0,000000000000000;179,000000000000000;0,000000000000000;0,000000000;0,00000000000000e+00;1,66520063700000e+07;0,00000000;236
Adaptation to climate change measures and prevention and management of climate related risks e.g. erosion, fires, flooding, storms and drought, including awareness raising, civil protection and disaster management systems and infrastructures;IV.4.087;1,0;06.6.127.6.1;REACT-EU;IROP;06;0,00000000000000e+00;0,00000000000000e+00;0,00000000000000e+00;0;0,000000000000000;0,000000000000000;0,000000000000000;0,000000000;0,00000000000000e+00;0,00000000000000e+00;0,00000000;55
Adaptation to climate change measures and prevention and management of climate related risks e.g. erosion, fires, flooding, storms and drought, including awareness raising, civil protection and disaster management systems and infrastructures;IV.4.087;1,0;11.1.23.1.1;Zvýšení přeshraniční akceschopnosti při řešení mimořádných událostí a krizových situací;OP ČR-PL;11;0,00000000000000e+00;0,00000000000000e+00;0,00000000000000e+00;0;0,000000000000000;0,000000000000000;0,000000000000000;0,000000000;0,00000000000000e+00;0,00000000000000e+00;0,00000000;11
Risk prevention and management of non-climate related natural risks (i.e. earthquakes) and risks linked to human activities (e.g. technological accidents), including awareness raising, civil protection and disaster management systems and infrastructures;IV.4.088;0,0;05.1.24.1.3;Zajistit povodňovou ochranu v intravilánu;OP ŽP;05;2,42011185330000e+08;2,05709507270000e+08;1,04445094900000e+07;0;4,000000000000000;46,000000000000000;2,000000000000000;1153057,260000000;2,32830643653870e-10;3,63016780600000e+07;6533990,96000000;90
Risk prevention and management of non-climate related natural risks (i.e. earthquakes) and risks linked to human activities (e.g. technological accidents), including awareness raising, civil protection and disaster management systems and infrastructures;IV.4.088;0,0;05.1.24.1.4;Podpořit preventivní protipovodňová opatření;OP ŽP;05;1,74307724721000e+09;1,28100310569000e+09;1,52789448600000e+07;0;14,000000000000000;720,000000000000000;22,000000000000000;2234027,250000000;0,00000000000000e+00;4,62074141520000e+08;12659487,75000000;1023
Risk prevention and management of non-climate related natural risks (i.e. earthquakes) and risks linked to human activities (e.g. technological accidents), including awareness raising, civil protection and disaster management systems and infrastructures;IV.4.088;0,0;05.3.23.3.5;Snížit environmentální rizika a rozvíjet systémy jejich řízení;OP ŽP;05;1,48298485350000e+08;1,22705931010000e+08;0,00000000000000e+00;0;0,000000000000000;11,000000000000000;1,000000000000000;0,000000000;0,00000000000000e+00;2,55925543400000e+07;0,00000000;25
Risk prevention and management of non-climate related natural risks (i.e. earthquakes) and risks linked to human activities (e.g. technological accidents), including awareness raising, civil protection and disaster management systems and infrastructures;IV.4.088;0,0;06.1.23.1.3;Zvýšení připravenosti k řešení a řízení rizik a katastrof;IROP;06;1,42748684974000e+08;1,21336382156000e+08;7,13743426100000e+06;0;3,000000000000000;16,199999999999999;0,000000000000000;0,000000000;0,00000000000000e+00;2,14123028180000e+07;0,00000000;48
Risk prevention and management of non-climate related natural risks (i.e. earthquakes) and risks linked to human activities (e.g. technological accidents), including awareness raising, civil protection and disaster management systems and infrastructures;IV.4.088;0,0;06.4.59.4.1;Posílení komunitně vedeného místního rozvoje za účelem zvýšení kvality života ve venkovských oblastech a aktivizace místního potenciálu;IROP;06;1,47571738300000e+07;1,40193151100000e+07;0,00000000000000e+00;0;0,000000000000000;15,000000000000000;0,000000000000000;0,000000000;0,00000000000000e+00;7,37858720000000e+05;0,00000000;22
Risk prevention and management of non-climate related natural risks (i.e. earthquakes) and risks linked to human activities (e.g. technological accidents), including awareness raising, civil protection and disaster management systems and infrastructures;IV.4.088;0,0;06.6.127.6.1;REACT-EU;IROP;06;0,00000000000000e+00;0,00000000000000e+00;0,00000000000000e+00;0;0,000000000000000;0,000000000000000;0,000000000000000;0,000000000;0,00000000000000e+00;0,00000000000000e+00;0,00000000;52
Risk prevention and management of non-climate related natural risks (i.e. earthquakes) and risks linked to human activities (e.g. technological accidents), including awareness raising, civil protection and disaster management systems and infrastructures;IV.4.088;0,0;11.1.23.1.1;Zvýšení přeshraniční akceschopnosti při řešení mimořádných událostí a krizových situací;OP ČR-PL;11;0,00000000000000e+00;0,00000000000000e+00;0,00000000000000e+00;0;0,000000000000000;0,000000000000000;0,000000000000000;0,000000000;0,00000000000000e+00;0,00000000000000e+00;0,00000000;7
Rehabilitation of industrial sites and contaminated land;IV.4.089;0,0;05.3.24.3.4;Dokončit inventarizaci a odstranit ekologické zátěže;OP ŽP;05;1,53412934904000e+09;1,30293460224000e+09;2,25711724200000e+07;0;3,000000000000000;141,000000000000000;0,000000000000000;102283138,329999998;-4,28190105594695e-09;2,31194746800000e+08;572435491,23000002;171
Cycle tracks and footpaths;IV.4.090;1,0;11.2.45.2.1;Zvýšení návštěvnosti regionu prostřednictvím vyššího využití potenciálu přírodních a kulturních zdrojů;OP ČR-PL;11;0,00000000000000e+00;0,00000000000000e+00;0,00000000000000e+00;0;0,000000000000000;0,000000000000000;0,000000000000000;0,000000000;0,00000000000000e+00;0,00000000000000e+00;0,00000000;93
Development and promotion of the tourism potential of natural areas;IV.4.091;0,0;11.2.45.2.1;Zvýšení návštěvnosti regionu prostřednictvím vyššího využití potenciálu přírodních a kulturních zdrojů;OP ČR-PL;11;0,00000000000000e+00;0,00000000000000e+00;0,00000000000000e+00;0;0,000000000000000;0,000000000000000;0,000000000000000;0,000000000;0,00000000000000e+00;0,00000000000000e+00;0,00000000;300
Protection, development and promotion of public tourism assets;IV.4.092;0,0;05.4.27.4.1;Zajistit příznivý stav předmětu ochrany národně významných chráněných území;OP ŽP;05;3,89618435000000e+06;3,89618435000000e+06;0,00000000000000e+00;0;0,000000000000000;0,000000000000000;0,000000000000000;0,000000000;0,00000000000000e+00;0,00000000000000e+00;0,00000000;2
Protection, development and promotion of public tourism assets;IV.4.092;0,0;11.2.45.2.1;Zvýšení návštěvnosti regionu prostřednictvím vyššího využití potenciálu přírodních a kulturních zdrojů;OP ČR-PL;11;0,00000000000000e+00;0,00000000000000e+00;0,00000000000000e+00;0;0,000000000000000;0,000000000000000;0,000000000000000;0,000000000;0,00000000000000e+00;0,00000000000000e+00;0,00000000;138
Development and promotion of public tourism services;IV.4.093;0,0;11.2.45.2.1;Zvýšení návštěvnosti regionu prostřednictvím vyššího využití potenciálu přírodních a kulturních zdrojů;OP ČR-PL;11;0,00000000000000e+00;0,00000000000000e+00;0,00000000000000e+00;0;0,000000000000000;0,000000000000000;0,000000000000000;0,000000000;0,00000000000000e+00;0,00000000000000e+00;0,00000000;118
Protection, development and promotion of public cultural and heritage assets;IV.4.094;0,0;05.4.27.4.1;Zajistit příznivý stav předmětu ochrany národně významných chráněných území;OP ŽP;05;0,00000000000000e+00;0,00000000000000e+00;0,00000000000000e+00;0;0,000000000000000;0,000000000000000;0,000000000000000;0,000000000;0,00000000000000e+00;0,00000000000000e+00;0,00000000;1
Protection, development and promotion of public cultural and heritage assets;IV.4.094;0,0;06.3.33.3.1;Zefektivnění prezentace, posílení ochrany a rozvoje kulturního a přírodního dědictví;IROP;06;6,58572123557000e+09;5,59786304669000e+09;5,12385481210000e+08;0;126,000000000000000;105,000000000000000;0,000000000000000;164801349,409999996;1,91904384320000e+08;9,87858188880000e+08;2213236864,15000010;284
Protection, development and promotion of public cultural and heritage assets;IV.4.094;0,0;11.2.45.2.1;Zvýšení návštěvnosti regionu prostřednictvím vyššího využití potenciálu přírodních a kulturních zdrojů;OP ČR-PL;11;0,00000000000000e+00;0,00000000000000e+00;0,00000000000000e+00;0;0,000000000000000;0,000000000000000;0,000000000000000;0,000000000;0,00000000000000e+00;0,00000000000000e+00;0,00000000;404
Institutional capacity of public administrations and public services related to implementation of the ERDF or actions supporting ESF institutional capacity initiatives;IV.5.096;0,0;06.3.72.3.3;Podpora pořizování a uplatňování dokumentů územního rozvoje;IROP;06;2,16942840560000e+08;1,84401414340000e+08;1,08471420700000e+07;0;0,000000000000000;257,000000000000000;0,000000000000000;0,000000000;0,00000000000000e+00;3,25414262200000e+07;0,00000000;213
Community-led local development initiatives in urban and rural areas;IV.5.097;0,0;06.4.59.4.1;Posílení komunitně vedeného místního rozvoje za účelem zvýšení kvality života ve venkovských oblastech a aktivizace místního potenciálu;IROP;06;2,58994568904000e+09;2,46044840077000e+09;0,00000000000000e+00;0;4,000000000000000;1037,000000000000000;12,000000000000000;19246380,600000001;-1,76078174263239e-09;1,29497288270000e+08;365681220,70999998;2426
Community-led local development initiatives in urban and rural areas;IV.5.097;0,0;06.4.59.4.2;Posílení kapacit komunitně vedeného místního rozvoje za účelem zlepšení řídících a administrativních schopností MAS;IROP;06;1,23857454875000e+09;1,17664581776000e+09;0,00000000000000e+00;0;0,000000000000000;0,000000000000000;0,000000000000000;61928730,990000002;1,45519152283669e-09;6,19287309900000e+07;1176645817,75999999;364
Community-led local development initiatives in urban and rural areas;IV.5.097;0,0;11.4.120.4.1;Zvýšení intenzity spolupráce institucí a komunit v příhraničním regionu;OP ČR-PL;11;0,00000000000000e+00;0,00000000000000e+00;0,00000000000000e+00;0;0,000000000000000;0,000000000000000;0,000000000000000;0,000000000;0,00000000000000e+00;0,00000000000000e+00;0,00000000;4
Preparation, implementation, monitoring and inspection;IX.0.121;0,0;01.5.125.5.1;Zajištění efektivního řízení a administrace operačního programu;OP PIK;01;1,44551025074000e+09;1,22868371232000e+09;2,16826538420000e+08;0;0,000000000000000;0,000000000000000;0,000000000000000;0,000000000;0,00000000000000e+00;2,16826538420000e+08;0,00000000;45
Preparation, implementation, monitoring and inspection;IX.0.121;0,0;02.4.125.1;Zajištění efektivní administrace;OP VVV;02;2,04748810806122e+09;1,66153659862438e+09;3,85951509436839e+08;0;0,000000000000000;0,000000000000000;0,000000000000000;0,000000000;0,00000000000000e+00;3,85951509436839e+08;0,00000000;26
Preparation, implementation, monitoring and inspection;IX.0.121;0,0;02.4.125.2;Zajištění informovanosti, publicity a absorpční kapacity;OP VVV;02;1,48130409754358e+06;1,20207818346453e+06;2,79225914079053e+05;0;0,000000000000000;0,000000000000000;0,000000000000000;0,000000000;0,00000000000000e+00;2,79225914079053e+05;0,00000000;6
Preparation, implementation, monitoring and inspection;IX.0.121;0,0;03.5.125.1;Zajistit řádnou implementaci OPZ prostřednictvím poskytnutí spolehlivých a efektivních služeb pro řízení a administraci programu;OP Z;03;1,62866711972022e+09;1,34075948944318e+09;2,87907630277038e+08;0;0,000000000000000;0,000000000000000;0,000000000000000;0,000000000;0,00000000000000e+00;2,87907630277038e+08;0,00000000;3
Preparation, implementation, monitoring and inspection;IX.0.121;0,0;04.4.125.4.1;Podpora a zajištění implementace OP Doprava;OP D;04;6,00398633955781e+08;5,10338838415029e+08;6,50056189012453e+07;0;0,000000000000000;0,000000000000000;0,000000000000000;0,000000000;0,00000000000000e+00;9,00597955407513e+07;0,00000000;3
Preparation, implementation, monitoring and inspection;IX.0.121;0,0;05.6.125.6.1;Zajistit řádné a efektivní řízení a administraci;OP ŽP;05;1,67783356338000e+09;1,42615852819000e+09;4,64885200700000e+07;0;0,000000000000000;0,000000000000000;0,000000000000000;0,000000000;0,00000000000000e+00;2,51675035190000e+08;0,00000000;53
Preparation, implementation, monitoring and inspection;IX.0.121;0,0;06.5.125.5.1;Zajištění kvalitního řízení a implementace programu;IROP;06;1,88029327063000e+09;1,59824927420000e+09;2,82043996430000e+08;0;0,000000000000000;0,000000000000000;0,000000000000000;0,000000000;0,00000000000000e+00;2,82043996430000e+08;0,00000000;48
Preparation, implementation, monitoring and inspection;IX.0.121;0,0;07.5.125.5.1;Zajištění kvalitního a efektivního řízení programu;OP PPR;07;1,10526592510413e+08;5,52632962427064e+07;0,00000000000000e+00;0;5,499999997283643;0,000000000000000;0,000000000000000;0,000000000;0,00000000000000e+00;5,52632962677064e+07;0,00000000;1
Preparation, implementation, monitoring and inspection;IX.0.121;0,0;08.1.125.1.1;Vytvořit podmínky pro naplnění cílů Dohody o partnerství a koordinace řízení;OP TP;08;1,42349822837601e+09;1,20997349250838e+09;2,13524735867626e+08;0;0,000000000000000;0,000000000000000;0,000000000000000;0,000000000;0,00000000000000e+00;2,13524735867626e+08;0,00000000;65
Preparation, implementation, monitoring and inspection;IX.0.121;0,0;08.1.125.1.3;Podpořit kapacity pro implementaci ESIF na nižší než národní úrovni;OP TP;08;1,21852472907200e+09;1,03574601832000e+09;1,82778710752000e+08;0;0,000000000000000;0,000000000000000;0,000000000000000;0,000000000;0,00000000000000e+00;1,82778710752000e+08;0,00000000;102
Preparation, implementation, monitoring and inspection;IX.0.121;0,0;08.1.125.1.4;Vytvořit podmínky pro účinnou kontrolu a audit ESIF;OP TP;08;9,85145067560000e+08;8,37373307160000e+08;1,47771760400000e+08;0;0,000000000000000;0,000000000000000;0,000000000000000;0,000000000;0,00000000000000e+00;1,47771760400000e+08;0,00000000;12
Preparation, implementation, monitoring and inspection;IX.0.121;0,0;08.2.125.2.1;Zabezpečení jednotného monitorovacího systému na základě vysoké úrovně elektronizace dat;OP TP;08;8,61725763530000e+08;7,32466897480000e+08;1,29258866050000e+08;0;0,000000000000000;0,000000000000000;0,000000000000000;0,000000000;0,00000000000000e+00;1,29258866050000e+08;0,00000000;50
Preparation, implementation, monitoring and inspection;IX.0.121;0,0;11.5.125.5.1;Zabezpečení kvalitního řízení a provádění programu;OP ČR-PL;11;0,00000000000000e+00;0,00000000000000e+00;0,00000000000000e+00;0;0,000000000000000;0,000000000000000;0,000000000000000;0,000000000;0,00000000000000e+00;0,00000000000000e+00;0,00000000;34
Evaluation and studies;IX.0.122;0,0;01.5.125.5.2;Zajištění informovanosti, publicity a absorpční kapacity operačního programu;OP PIK;01;2,05761833000000e+07;1,74897557900000e+07;3,08642751000000e+06;0;0,000000000000000;0,000000000000000;0,000000000000000;0,000000000;0,00000000000000e+00;3,08642751000000e+06;0,00000000;2
Evaluation and studies;IX.0.122;0,0;02.4.125.1;Zajištění efektivní administrace;OP VVV;02;1,21211948257175e+08;9,83634958038913e+07;2,28484524532833e+07;0;0,000000000000000;0,000000000000000;0,000000000000000;0,000000000;0,00000000000000e+00;2,28484524532833e+07;0,00000000;10
Evaluation and studies;IX.0.122;0,0;02.4.125.2;Zajištění informovanosti, publicity a absorpční kapacity;OP VVV;02;3,82097921991938e+05;3,10072444489813e+05;7,20254775021254e+04;0;0,000000000000000;0,000000000000000;0,000000000000000;0,000000000;0,00000000000000e+00;7,20254775021254e+04;0,00000000;3
Evaluation and studies;IX.0.122;0,0;03.5.125.1;Zajistit řádnou implementaci OPZ prostřednictvím poskytnutí spolehlivých a efektivních služeb pro řízení a administraci programu;OP Z;03;8,81947631300000e+07;7,26041337600000e+07;1,55906293700000e+07;0;0,000000000000000;0,000000000000000;0,000000000000000;0,000000000;0,00000000000000e+00;1,55906293700000e+07;0,00000000;2
Evaluation and studies;IX.0.122;0,0;04.4.125.4.1;Podpora a zajištění implementace OP Doprava;OP D;04;2,85429902440550e+06;2,42615413635757e+06;4,28144888047925e+05;0;0,000000000000000;0,000000000000000;0,000000000000000;0,000000000;0,00000000000000e+00;4,28144888047924e+05;0,00000000;1
Evaluation and studies;IX.0.122;0,0;05.6.125.6.1;Zajistit řádné a efektivní řízení a administraci;OP ŽP;05;8,97637900000000e+06;7,62992215000000e+06;1,34645685000000e+06;0;0,000000000000000;0,000000000000000;0,000000000000000;0,000000000;0,00000000000000e+00;1,34645685000000e+06;0,00000000;9
Evaluation and studies;IX.0.122;0,0;06.5.125.5.1;Zajištění kvalitního řízení a implementace programu;IROP;06;6,65100700000000e+06;5,65335595000000e+06;9,97651050000000e+05;0;0,000000000000000;0,000000000000000;0,000000000000000;0,000000000;0,00000000000000e+00;9,97651050000000e+05;0,00000000;1
Evaluation and studies;IX.0.122;0,0;07.5.125.5.1;Zajištění kvalitního a efektivního řízení programu;OP PPR;07;1,10526592619587e+08;5,52632962972936e+07;0,00000000000000e+00;0;5,500000002716357;0,000000000000000;0,000000000000000;0,000000000;0,00000000000000e+00;5,52632963222936e+07;0,00000000;1
Evaluation and studies;IX.0.122;0,0;08.1.125.1.1;Vytvořit podmínky pro naplnění cílů Dohody o partnerství a koordinace řízení;OP TP;08;7,43051719639921e+07;6,31593956016183e+07;1,11457763623738e+07;0;0,000000000000000;0,000000000000000;0,000000000000000;0,000000000;0,00000000000000e+00;1,11457763623738e+07;0,00000000;23
Evaluation and studies;IX.0.122;0,0;08.1.125.1.3;Podpořit kapacity pro implementaci ESIF na nižší než národní úrovni;OP TP;08;2,78785316080000e+07;2,36967518200000e+07;4,18177978800000e+06;0;0,000000000000000;0,000000000000000;0,000000000000000;0,000000000;0,00000000000000e+00;4,18177978800000e+06;0,00000000;11
Evaluation and studies;IX.0.122;0,0;11.5.125.5.1;Zabezpečení kvalitního řízení a provádění programu;OP ČR-PL;11;0,00000000000000e+00;0,00000000000000e+00;0,00000000000000e+00;0;0,000000000000000;0,000000000000000;0,000000000000000;0,000000000;0,00000000000000e+00;0,00000000000000e+00;0,00000000;1
Information and communication;IX.0.123;0,0;01.5.125.5.2;Zajištění informovanosti, publicity a absorpční kapacity operačního programu;OP PIK;01;1,28719848500000e+07;1,09411869800000e+07;1,93079787000000e+06;0;0,000000000000000;0,000000000000000;0,000000000000000;0,000000000;0,00000000000000e+00;1,93079787000000e+06;0,00000000;5
Information and communication;IX.0.123;0,0;02.4.125.1;Zajištění efektivní administrace;OP VVV;02;1,86340201580367e+06;1,51215062492594e+06;3,51251390877724e+05;0;0,000000000000000;0,000000000000000;0,000000000000000;0,000000000;0,00000000000000e+00;3,51251390877724e+05;0,00000000;6
Information and communication;IX.0.123;0,0;02.4.125.2;Zajištění informovanosti, publicity a absorpční kapacity;OP VVV;02;5,66946362462645e+07;4,60076971288457e+07;1,06869391174188e+07;0;0,000000000000000;0,000000000000000;0,000000000000000;0,000000000;0,00000000000000e+00;1,06869391174188e+07;0,00000000;8
Information and communication;IX.0.123;0,0;03.5.125.1;Zajistit řádnou implementaci OPZ prostřednictvím poskytnutí spolehlivých a efektivních služeb pro řízení a administraci programu;OP Z;03;2,03215717297849e+07;1,67292257568229e+07;3,59234597296198e+06;0;0,000000000000000;0,000000000000000;0,000000000000000;0,000000000;0,00000000000000e+00;3,59234597296198e+06;0,00000000;2
Information and communication;IX.0.123;0,0;04.4.125.4.1;Podpora a zajištění implementace OP Doprava;OP D;04;9,22672519981400e+06;7,84271631861325e+06;1,25557758070675e+06;0;0,000000000000000;0,000000000000000;0,000000000000000;0,000000000;0,00000000000000e+00;1,38400888120075e+06;0,00000000;2
Information and communication;IX.0.123;0,0;05.6.125.6.2;Zajistit informovanost, publicitu a absorpční kapacitu;OP ŽP;05;3,16320984600000e+07;2,68872836200000e+07;6,40136650000000e+05;0;0,000000000000000;0,000000000000000;0,000000000000000;0,000000000;0,00000000000000e+00;4,74481484000000e+06;0,00000000;6
Information and communication;IX.0.123;0,0;06.5.125.5.1;Zajištění kvalitního řízení a implementace programu;IROP;06;8,03176298600000e+07;6,82699852700000e+07;1,20476445900000e+07;0;0,000000000000000;0,000000000000000;0,000000000000000;0,000000000;0,00000000000000e+00;1,20476445900000e+07;0,00000000;22
Information and communication;IX.0.123;0,0;07.5.125.5.2;Zajištění informovanosti, publicity a absorpční kapacity programu;OP PPR;07;2,17304929800000e+07;1,08652464800000e+07;0,00000000000000e+00;0;9,000000000000000;0,000000000000000;0,000000000000000;0,000000000;0,00000000000000e+00;1,08652465000000e+07;0,00000000;1
Information and communication;IX.0.123;0,0;08.1.125.1.2;Zajistit informovanost o ESIF u cílových skupin;OP TP;08;1,54108536680000e+08;1,30992257000000e+08;2,31162796800000e+07;0;0,000000000000000;0,000000000000000;0,000000000000000;0,000000000;0,00000000000000e+00;2,31162796800000e+07;0,00000000;7
Information and communication;IX.0.123;0,0;11.4.120.4.1;Zvýšení intenzity spolupráce institucí a komunit v příhraničním regionu;OP ČR-PL;11;0,00000000000000e+00;0,00000000000000e+00;0,00000000000000e+00;0;0,000000000000000;0,000000000000000;0,000000000000000;0,000000000;0,00000000000000e+00;0,00000000000000e+00;0,00000000;1
Information and communication;IX.0.123;0,0;11.5.125.5.1;Zabezpečení kvalitního řízení a provádění programu;OP ČR-PL;11;0,00000000000000e+00;0,00000000000000e+00;0,00000000000000e+00;0;0,000000000000000;0,000000000000000;0,000000000000000;0,000000000;0,00000000000000e+00;0,00000000000000e+00;0,00000000;26
Access to employment for job-seekers and inactive people, including the long-term unemployed and people far from the labour market, also through local employment initiatives and support for labour mobility;V.0.102;0,0;03.1.48.1;Zvýšit zaměstnanost podpořených osob, zejména starších, nízkokvalifikovaných a znevýhodněných;OP Z;03;1,41046302345000e+10;1,17012864591200e+10;2,37441131437000e+09;0;20,000000000000000;26,000000000000000;1,000000000000000;25020724,539999999;2,50723898000000e+06;2,40334377538000e+09;158499026,87000000;471
Access to employment for job-seekers and inactive people, including the long-term unemployed and people far from the labour market, also through local employment initiatives and support for labour mobility;V.0.102;0,0;03.1.48.2;Zvýšit zaměstnanost podpořených mladých osob prostřednictvím programu Záruky pro mládež;OP Z;03;9,22045496590000e+08;7,83738671820000e+08;1,38306824770000e+08;0;0,000000000000000;0,000000000000000;0,000000000000000;0,000000000;0,00000000000000e+00;1,38306824770000e+08;0,00000000;13
Access to employment for job-seekers and inactive people, including the long-term unemployed and people far from the labour market, also through local employment initiatives and support for labour mobility;V.0.102;0,0;03.3.48.1;Zvýšit kvalitu a kvantitu využívání sociálních inovací a mezinárodní spolupráce v tematických oblastech OPZ (TC8);OP Z;03;2,48894126908926e+08;2,25525984907756e+08;1,75488393405408e+07;0;1,349400000074487;1,244099999872617;3,252600000349429;5287365,703035560;-6,57056079880275e-10;2,33681420011695e+07;45721541,76477097;156
Access to employment for job-seekers and inactive people, including the long-term unemployed and people far from the labour market, also through local employment initiatives and support for labour mobility;V.0.102;0,0;03.3.60.1;Zvýšit kvalitu a kvantitu využívání sociálních inovací a mezinárodní spolupráce v tematických oblastech OPZ (TC9);OP Z;03;1,22215491265394e+08;1,10839765548259e+08;8,93834424540476e+06;0;1,522400000084037;1,403599999856286;3,669600000394227;1837247,468291527;4,27756458563925e-10;1,13757257171347e+07;15984284,83422378;139
Access to employment for job-seekers and inactive people, including the long-term unemployed and people far from the labour market, also through local employment initiatives and support for labour mobility;V.0.102;0,0;03.3.74.1;Zvýšit kvalitu a kvantitu využívání sociálních inovací a mezinárodní spolupráce v tematických oblastech OPZ (TC11);OP Z;03;3,79571135251415e+07;3,44889714368543e+07;2,62518207809862e+06;0;0,588200000032469;0,542299999944474;1,417800000152315;611090,054314660;1,63161166722622e-10;3,46814208828722e+06;6076990,86058394;76
Sustainable integration into the labour market of young people, in particular those not in employment, education or training, including young people at risk of social exclusion and young people from marginalised communities, including through the implementation of the Youth Guarantee;V.0.103;0,0;03.1.49.1;Zvýšit zaměstnanost podpořených mladých lidí, kteří nejsou v zaměstnání, ve vzdělávání nebo v profesní přípravě v regionu NUTS II Severozápad ;OP Z;03;7,39141755080000e+08;6,79201556920000e+08;5,13789860300000e+07;0;24,000000000000000;0,000000000000000;0,000000000000000;0,000000000;0,00000000000000e+00;5,99401981600000e+07;0,00000000;8
Equality between men and women in all areas, including in access to employment, career progression, reconciliation of work and private life and promotion of equal pay for equal work;V.0.105;0,0;03.1.51.1;Snížit rozdíly v postavení žen a mužů na trhu práce;OP Z;03;5,35406479061000e+09;4,32325014650000e+09;8,98778044370000e+08;0;49,000000000000000;630,000000000000000;49,000000000000000;112558209,079999998;3,01299483900000e+07;1,03081464411000e+09;685687781,35000002;3046
Equality between men and women in all areas, including in access to employment, career progression, reconciliation of work and private life and promotion of equal pay for equal work;V.0.105;0,0;07.4.51.4.3;Zvýšení dostupnosti zařízení péče o děti;OP PPR;07;1,17859071820000e+08;5,89295358200000e+07;0,00000000000000e+00;0;180,000000000000000;0,000000000000000;0,000000000000000;6655867,690000000;4,90184722300000e+07;5,89295360000000e+07;104692812,01000001;57
Adaptation of workers, enterprises and entrepreneurs to change;V.0.106;0,0;03.1.52.1;Zvýšit odbornou úroveň znalostí, dovedností a kompetencí pracovníků a soulad kvalifikační úrovně pracovní síly s požadavky trhu práce;OP Z;03;4,29143706410350e+09;3,60194290387900e+09;3,93142321010500e+08;0;0,000000000000000;0,000000000000000;4,250000000000000;295742688,762499988;-1,02158992376644e-09;6,89494160224500e+08;1471486519,97149992;2999
Adaptation of workers, enterprises and entrepreneurs to change;V.0.106;0,0;03.1.52.2;Zvýšit adaptabilitu starších pracovníků;OP Z;03;8,25728856016500e+08;6,96284293311000e+08;7,60505914295000e+07;0;0,000000000000000;0,000000000000000;0,750000000000000;53286474,137499996;-2,21689333557151e-10;1,29444562705500e+08;264721793,95850000;2975
Modernisation of labour market institutions, such as public and private employment services, and improving the matching of labour market needs, including throughactions that enhance transnational labour mobility as well as through mobility schemes and better cooperation between institutions and relevant stakeholders;V.0.108;0,0;03.1.54.1;Zvýšit kapacitu, komplexnost a kvalitu služeb poskytovaných institucemi veřejných služeb zaměstnanosti;OP Z;03;1,19944523541000e+09;9,88210934600000e+08;2,09192262900000e+08;0;0,000000000000000;0,000000000000000;8,000000000000000;0,000000000;0,00000000000000e+00;2,11234300810000e+08;0,00000000;7
Modernisation of labour market institutions, such as public and private employment services, and improving the matching of labour market needs, including throughactions that enhance transnational labour mobility as well as through mobility schemes and better cooperation between institutions and relevant stakeholders;V.0.108;0,0;03.1.54.2;Zvýšit kvalitu systému dalšího vzdělávání;OP Z;03;2,31877068790000e+08;1,91041197900000e+08;4,08358708900000e+07;0;0,000000000000000;0,000000000000000;0,000000000000000;0,000000000;0,00000000000000e+00;4,08358708900000e+07;0,00000000;6
Active inclusion, including with a view to promoting equal opportunities and active participation, and improving employability;VI.0.109;0,0;03.2.60.1;Zvýšit uplatnitelnost osob ohrožených sociálním vyloučením nebo sociálně vyloučených ve společnosti a na trhu práce;OP Z;03;8,15221593147826e+09;6,72320369421811e+09;1,11089628891905e+09;0;162,000000000000000;615,520000001109338;8,000000000000000;1220716,940000000;5,82076609134674e-11;1,42901223726015e+09;6917395,86000000;762
Active inclusion, including with a view to promoting equal opportunities and active participation, and improving employability;VI.0.109;0,0;03.2.60.2;Rozvoj sektoru sociální ekonomiky;OP Z;03;3,66626503049000e+08;3,09731077961000e+08;8,35586496700000e+06;0;0,000000000000000;10,800000000000001;0,000000000000000;47841736,530000001;-5,09317032992840e-10;5,68954250880000e+07;264486170,69999999;185
Active inclusion, including with a view to promoting equal opportunities and active participation, and improving employability;VI.0.109;0,0;03.2.63.1;Zvýšit kvalitu a udržitelnost systému sociálních služeb, služeb pro rodiny a děti a dalších navazujících služeb podporujících sociální začleňování;OP Z;03;3,86511852817911e+07;2,66933783752375e+07;1,17794463696528e+07;0;0,000000000000000;5,880000001663923;0,000000000000000;0,000000000;0,00000000000000e+00;1,19578069065536e+07;0,00000000;122
Active inclusion, including with a view to promoting equal opportunities and active participation, and improving employability;VI.0.109;0,0;03.3.48.1;Zvýšit kvalitu a kvantitu využívání sociálních inovací a mezinárodní spolupráce v tematických oblastech OPZ (TC8);OP Z;03;1,02479386896819e+08;9,29069489147990e+07;8,04436931850580e+06;0;1,715999999748981;1,887600001478183;1,614600000058238;1066232,925338576;1,55589077652375e-11;9,57243798201946e+06;8316922,99627812;140
Active inclusion, including with a view to promoting equal opportunities and active participation, and improving employability;VI.0.109;0,0;03.3.60.1;Zvýšit kvalitu a kvantitu využívání sociálních inovací a mezinárodní spolupráce v tematických oblastech OPZ (TC9);OP Z;03;1,53589571843844e+08;1,39486459003897e+08;1,25823092504648e+07;0;1,935999999716799;2,129600001667693;1,821600000065705;999758,141284422;1,32160494433944e-11;1,41031128399468e+07;9180023,87426749;146
Active inclusion, including with a view to promoting equal opportunities and active participation, and improving employability;VI.0.109;0,0;03.3.74.1;Zvýšit kvalitu a kvantitu využívání sociálních inovací a mezinárodní spolupráce v tematických oblastech OPZ (TC11);OP Z;03;3,04245412450893e+07;2,76446502788072e+07;2,22522628043425e+06;0;0,747999999890582;0,822800000644336;0,703800000025386;353351,671771502;4,40340956563522e-12;2,77989096628207e+06;3513908,88871951;75
Socio-economic integration of marginalised communities such as the Roma;VI.0.110;0,0;02.3.61.1;Sociální integrace dětí a žáků včetně začleňování romských dětí do vzdělávání;OP VVV;02;2,18663031710606e+09;1,82716039681287e+09;3,08968047093192e+08;0;0,000000000000000;33,000000000000000;2,000000000000000;42422950,430000000;8,49165433700000e+07;3,59469920293192e+08;788781506,34000003;6541
Socio-economic integration of marginalised communities such as the Roma;VI.0.110;0,0;02.3.62.1;Kvalitní podmínky pro inkluzívní vzdělávání;OP VVV;02;4,46490042009225e+05;3,32185777017586e+05;1,14304264991639e+05;0;0,000000000000000;0,000000000000000;0,000000000000000;0,000000000;0,00000000000000e+00;1,14304264991639e+05;0,00000000;2177
Socio-economic integration of marginalised communities such as the Roma;VI.0.110;0,0;02.3.68.1;Zvýšení kvality předškolního vzdělávání včetně usnadnění přechodu dětí na ZŠ;OP VVV;02;8,97863834427209e+06;7,35628417307886e+06;1,62235417119322e+06;0;0,000000000000000;0,000000000000000;0,000000000000000;0,000000000;0,00000000000000e+00;1,62235417119322e+06;0,00000000;1061
Socio-economic integration of marginalised communities such as the Roma;VI.0.110;0,0;02.3.68.2;Zlepšení kvality vzdělávání a výsledků žáků v klíčových kompetencích;OP VVV;02;4,26120641019509e+07;3,49483781006878e+07;7,66368600126314e+06;0;0,000000000000000;0,000000000000000;0,000000000000000;0,000000000;0,00000000000000e+00;7,66368600126314e+06;0,00000000;2022
Socio-economic integration of marginalised communities such as the Roma;VI.0.110;0,0;02.3.68.5;Zvyšení kvality vzdělávání a odborné přípravy včetně posílení jejich relevance pro trh práce;OP VVV;02;7,40465407467236e+06;6,08625082707947e+06;1,31840324759289e+06;0;0,000000000000000;0,000000000000000;0,000000000000000;0,000000000;0,00000000000000e+00;1,31840324759289e+06;0,00000000;5310
Combating all forms of discrimination and promoting equal opportunities;VI.0.111;0,0;02.3.61.1;Sociální integrace dětí a žáků včetně začleňování romských dětí do vzdělávání;OP VVV;02;4,46490048622371e+05;3,32185783572912e+05;1,14304265049459e+05;0;0,000000000000000;0,000000000000000;0,000000000000000;0,000000000;0,00000000000000e+00;1,14304265049459e+05;0,00000000;2177
Combating all forms of discrimination and promoting equal opportunities;VI.0.111;0,0;02.3.62.1;Kvalitní podmínky pro inkluzívní vzdělávání;OP VVV;02;4,48348596986555e+08;3,67812209353002e+08;7,33406288635533e+07;0;0,000000000000000;0,000000000000000;57,000000000000000;0,000000000;0,00000000000000e+00;8,05363876335533e+07;0,00000000;2290
Combating all forms of discrimination and promoting equal opportunities;VI.0.111;0,0;02.3.68.5;Zvyšení kvality vzdělávání a odborné přípravy včetně posílení jejich relevance pro trh práce;OP VVV;02;7,44198210029987e+04;5,45814035965954e+04;1,98384174064034e+04;0;0,000000000000000;0,000000000000000;0,000000000000000;0,000000000;0,00000000000000e+00;1,98384174064034e+04;0,00000000;2255
Enhancing access to affordable, sustainable and high-quality services, including health care and social services of general interest;VI.0.112;0,0;03.2.60.1;Zvýšit uplatnitelnost osob ohrožených sociálním vyloučením nebo sociálně vyloučených ve společnosti a na trhu práce;OP Z;03;3,89018136047348e+07;2,69208052368895e+07;1,17768869789459e+07;0;0,000000000000000;7,079999998890719;0,000000000000000;0,000000000;0,00000000000000e+00;1,19810083678454e+07;0,00000000;120
Enhancing access to affordable, sustainable and high-quality services, including health care and social services of general interest;VI.0.112;0,0;03.2.63.1;Zvýšit kvalitu a udržitelnost systému sociálních služeb, služeb pro rodiny a děti a dalších navazujících služeb podporujících sociální začleňování;OP Z;03;2,44961953386621e+09;1,98268328829876e+09;4,29046157585347e+08;0;395,000000000000000;356,719999998336050;27,000000000000000;1629235,940000000;2,36753424000000e+06;4,66936245567446e+08;21543025,74000000;741
Enhancing access to affordable, sustainable and high-quality services, including health care and social services of general interest;VI.0.112;0,0;03.2.63.2;Zvýšit dostupnost a efektivitu zdravotních služeb a umožnit přesun těžiště psychiatrické péče do komunity;OP Z;03;8,86188433890000e+08;6,87349902590000e+08;1,98838531300000e+08;0;0,000000000000000;0,000000000000000;0,000000000000000;0,000000000;0,00000000000000e+00;1,98838531300000e+08;0,00000000;38
Enhancing access to affordable, sustainable and high-quality services, including health care and social services of general interest;VI.0.112;0,0;07.3.63.3.3;Posílení aktivit pro integraci, komunitní služby a prevenci;OP PPR;07;5,87239174060000e+08;2,93619585640000e+08;0,00000000000000e+00;0;549,000000000000000;0,000000000000000;0,000000000000000;1927755,310000000;1,73497962200000e+07;2,93619588420000e+08;36627347,54000000;341
Community-led local development strategies;VI.0.114;0,0;03.2.65.1;Zvýšit zapojení lokálních aktérů do řešení problémů nezaměstnanosti a sociálního začleňování ve venkovských oblastech;OP Z;03;8,49475510310000e+08;7,22054172930000e+08;1,05226419590000e+08;0;0,000000000000000;406,000000000000000;67,000000000000000;15448397,630000001;4,81694660000000e+05;1,27421337380000e+08;90752209,03000000;1309
Reducing and preventing early school-leaving and promoting equal access to good quality early-childhood, primary and secondary education including formal, non-formal and informal learning pathways for reintegrating into education and training;VII.0.115;0,0;02.3.61.1;Sociální integrace dětí a žáků včetně začleňování romských dětí do vzdělávání;OP VVV;02;5,89953566771256e+07;4,83909132392977e+07;1,06044434378280e+07;0;0,000000000000000;0,000000000000000;0,000000000000000;0,000000000;0,00000000000000e+00;1,06044434378280e+07;0,00000000;6420
Reducing and preventing early school-leaving and promoting equal access to good quality early-childhood, primary and secondary education including formal, non-formal and informal learning pathways for reintegrating into education and training;VII.0.115;0,0;02.3.62.1;Kvalitní podmínky pro inkluzívní vzdělávání;OP VVV;02;7,44198184353048e+04;5,45814020952269e+04;1,98384163400778e+04;0;0,000000000000000;0,000000000000000;0,000000000000000;0,000000000;0,00000000000000e+00;1,98384163400778e+04;0,00000000;2256
Reducing and preventing early school-leaving and promoting equal access to good quality early-childhood, primary and secondary education including formal, non-formal and informal learning pathways for reintegrating into education and training;VII.0.115;0,0;02.3.68.1;Zvýšení kvality předškolního vzdělávání včetně usnadnění přechodu dětí na ZŠ;OP VVV;02;2,90497701804046e+09;2,37641367797343e+09;5,13166966937625e+08;0;0,000000000000000;58,600000000000001;0,300000000000000;10943505,503400000;2,75799357254000e+07;5,28563340067025e+08;205076176,30590001;8030
Reducing and preventing early school-leaving and promoting equal access to good quality early-childhood, primary and secondary education including formal, non-formal and informal learning pathways for reintegrating into education and training;VII.0.115;0,0;02.3.68.2;Zlepšení kvality vzdělávání a výsledků žáků v klíčových kompetencích;OP VVV;02;6,05139839656848e+09;4,95887004024522e+09;1,06224224109016e+09;0;12,500000000000000;71,200000000000003;22,850000000000001;22888567,646100000;3,50754753941000e+07;1,09252835632326e+09;295503945,89859998;9880
Reducing and preventing early school-leaving and promoting equal access to good quality early-childhood, primary and secondary education including formal, non-formal and informal learning pathways for reintegrating into education and training;VII.0.115;0,0;02.3.68.3;Rozvoj systému strategického řízení a hodnocení kvality ve vzdělávání;OP VVV;02;1,61143910501100e+09;1,31913326324510e+09;2,61987680997900e+08;0;0,000000000000000;70,850000000000009;10,000000000000000;24272630,430000000;6,48796324550000e+07;2,92305841765900e+08;417686696,76749998;450
Reducing and preventing early school-leaving and promoting equal access to good quality early-childhood, primary and secondary education including formal, non-formal and informal learning pathways for reintegrating into education and training;VII.0.115;0,0;02.3.68.4;Zkvalitnění přípravy budoucích a začínajících pedagogických pracovníků;OP VVV;02;4,05869002180000e+08;3,40155835720000e+08;4,63374912000000e+07;0;0,000000000000000;0,000000000000000;47,000000000000000;12192979,100000000;2,61189722200000e+07;6,57131664600000e+07;231666598,12000000;37
Reducing and preventing early school-leaving and promoting equal access to good quality early-childhood, primary and secondary education including formal, non-formal and informal learning pathways for reintegrating into education and training;VII.0.115;0,0;02.3.68.5;Zvyšení kvality vzdělávání a odborné přípravy včetně posílení jejich relevance pro trh práce;OP VVV;02;3,45829388982936e+09;2,81999952215395e+09;5,49510801385907e+08;0;82,500000000000000;91,350000000000009;11,850000000000000;15616608,000499999;2,94778519355000e+07;6,38294367675407e+08;249807752,27800000;9295
Reducing and preventing early school-leaving and promoting equal access to good quality early-childhood, primary and secondary education including formal, non-formal and informal learning pathways for reintegrating into education and training;VII.0.115;0,0;07.4.68.4.2;Zvýšení kvality vzdělávání prostřednictvím posílení inkluze v multikulturní společnosti;OP PPR;07;4,52571104870000e+08;2,26285551600000e+08;0,00000000000000e+00;0;1049,000000000000000;0,000000000000000;0,000000000000000;2230555,960000000;2,00750027400000e+07;2,26285553270000e+08;42380561,33000000;888
Reducing and preventing early school-leaving and promoting equal access to good quality early-childhood, primary and secondary education including formal, non-formal and informal learning pathways for reintegrating into education and training;VII.0.115;0,0;11.3.119.3.1;Zlepšení úrovně zaměstnanosti absolventů;OP ČR-PL;11;0,00000000000000e+00;0,00000000000000e+00;0,00000000000000e+00;0;0,000000000000000;0,000000000000000;0,000000000000000;0,000000000;0,00000000000000e+00;0,00000000000000e+00;0,00000000;9
Improving the quality and efficiency of, and access to, tertiary and equivalent education with a view to increasing participation and attainment levels, especially for disadvantaged groups;VII.0.116;0,0;02.2.69.1;Zvýšení kvality vzdělávání na vysokých školách a jeho relevance pro potřeby trhu práce;OP VVV;02;1,88262352980309e+09;1,54043524913019e+09;2,45384020271944e+08;0;0,000000000000000;0,000000000000000;58,189100000000003;82718739,474582002;2,13036809955780e+08;3,42188280672900e+08;1518194383,26296997;60
Improving the quality and efficiency of, and access to, tertiary and equivalent education with a view to increasing participation and attainment levels, especially for disadvantaged groups;VII.0.116;0,0;02.2.69.2;Zvýšení účasti studentů se specifickými potřebami, ze socio-ekonomicky znevýhodněných skupin a z etnických minorit na vysokoškolském vzdělávání, a snížení studijní neúspěšnosti studentů;OP VVV;02;3,62691633031897e+08;2,97793478443580e+08;4,67635721572860e+07;0;0,000000000000000;0,000000000000000;10,371500000000001;15713434,544047000;4,07952771645280e+07;6,48981545883170e+07;298555243,56237698;35
Improving the quality and efficiency of, and access to, tertiary and equivalent education with a view to increasing participation and attainment levels, especially for disadvantaged groups;VII.0.116;0,0;02.2.69.3;Zkvalitnění podmínek pro celoživotní vzdělávání na vysokých školách;OP VVV;02;1,45155327900000e+07;1,16184570200000e+07;1,99400290000000e+06;0;0,000000000000000;0,000000000000000;21,000000000000000;265944,130000000;0,00000000000000e+00;2,89707577000000e+06;1507016,65000000;9
Improving the quality and efficiency of, and access to, tertiary and equivalent education with a view to increasing participation and attainment levels, especially for disadvantaged groups;VII.0.116;0,0;02.2.69.4;Nastavení a rozvoj systému hodnocení a zabezpečení kvality a strategického řízení vysokých škol;OP VVV;02;4,82997077105015e+08;3,91498692046232e+08;6,64748856707700e+07;0;0,000000000000000;0,000000000000000;1,439400000000000;24233933,481371000;6,48957538996920e+07;9,14983850587830e+07;442971825,90465301;31
Improving the quality and efficiency of, and access to, tertiary and equivalent education with a view to increasing participation and attainment levels, especially for disadvantaged groups;VII.0.116;0,0;02.2.69.5;Zlepšení podmínek pro výuku spojenou s výzkumem a pro rozvoj lidských zdrojů v oblasti výzkumu a vývoje;OP VVV;02;2,93934015183000e+09;2,40709928040000e+09;3,51540331220000e+08;0;24,000000000000000;0,000000000000000;461,000000000000000;97014043,530000001;1,48837067940000e+08;5,32240871430000e+08;1284952280,78999996;359
Improving the labour market relevance of education and training systems, facilitating the transition from education to work, and strengthening vocational education and training systems and their quality, including through mechanisms for skills anticipation, adaptation of curricula and the establishment and development of work-based learning systems, including dual learning systems and apprenticeship schemes;VII.0.118;0,0;11.3.119.3.1;Zlepšení úrovně zaměstnanosti absolventů;OP ČR-PL;11;0,00000000000000e+00;0,00000000000000e+00;0,00000000000000e+00;0;0,000000000000000;0,000000000000000;0,000000000000000;0,000000000;0,00000000000000e+00;0,00000000000000e+00;0,00000000;78
Investment in institutional capacity and in the efficiency of public administrations and public services at the national, regional and local levels with a view to reforms, better regulation and good governance;VIII.0.119;0,0;03.3.48.1;Zvýšit kvalitu a kvantitu využívání sociálních inovací a mezinárodní spolupráce v tematických oblastech OPZ (TC8);OP Z;03;3,99606037872556e+07;3,63094026729445e+07;2,61442262275343e+06;0;0,834600000176532;1,158299998649200;0,982799999592333;793712,519325864;9,51455148660044e-11;3,65120111431105e+06;7893081,31605092;66
Investment in institutional capacity and in the efficiency of public administrations and public services at the national, regional and local levels with a view to reforms, better regulation and good governance;VIII.0.119;0,0;03.3.60.1;Zvýšit kvalitu a kvantitu využívání sociálních inovací a mezinárodní spolupráce v tematických oblastech OPZ (TC9);OP Z;03;4,18758970617624e+07;3,80496955758439e+07;2,65650267493041e+06;0;0,941600000199165;1,306799998476020;1,108799999540068;895470,534624052;1,07343657797543e-10;3,82620148591850e+06;8905014,81810873;66
Investment in institutional capacity and in the efficiency of public administrations and public services at the national, regional and local levels with a view to reforms, better regulation and good governance;VIII.0.119;0,0;03.3.74.1;Zvýšit kvalitu a kvantitu využívání sociálních inovací a mezinárodní spolupráce v tematických oblastech OPZ (TC11);OP Z;03;1,56595751157692e+07;1,42287594508385e+07;9,78886578867125e+05;0;0,363800000076950;0,504899999411190;0,428399999822299;345977,252013838;4,14736859672327e-11;1,43081566493071e+06;3440573,90699655;62
Investment in institutional capacity and in the efficiency of public administrations and public services at the national, regional and local levels with a view to reforms, better regulation and good governance;VIII.0.119;0,0;03.4.74.1;Optimalizovat procesy a postupy ve veřejné správě zejména prostřednictvím posílení strategického řízení organizací, zvýšení kvality jejich fungování a snížení administrativní zátěže;OP Z;03;1,39534478109468e+09;1,13901608107441e+09;2,23864837446276e+08;0;49,399999999999999;382,199999999999989;96,200000000000003;11119971,049200000;3,11033555300000e+07;2,56328700020276e+08;211279445,99840000;563
Investment in institutional capacity and in the efficiency of public administrations and public services at the national, regional and local levels with a view to reforms, better regulation and good governance;VIII.0.119;0,0;03.4.74.2;Profesionalizovat veřejnou správu zejména prostřednictvím zvyšování znalostí a dovedností jejích pracovníků, rozvoje politik a strategií v oblasti lidských zdrojů a implementace služebního zákona;OP Z;03;1,04261591847532e+09;8,52965985215593e+08;1,59683290883724e+08;0;45,600000000000001;352,800000000000011;88,799999999999997;10264588,660799999;2,87107897200000e+07;1,89649933259724e+08;195027180,92159998;564
Investment in institutional capacity and in the efficiency of public administrations and public services at the national, regional and local levels with a view to reforms, better regulation and good governance;VIII.0.119;0,0;11.4.120.4.1;Zvýšení intenzity spolupráce institucí a komunit v příhraničním regionu;OP ČR-PL;11;0,00000000000000e+00;0,00000000000000e+00;0,00000000000000e+00;0;0,000000000000000;0,000000000000000;0,000000000000000;0,000000000;0,00000000000000e+00;0,00000000000000e+00;0,00000000;1842
NA;NA;NA;NA;NA;OP ČR-PL;11;0,00000000000000e+00;0,00000000000000e+00;0,00000000000000e+00;0;0,000000000000000;0,000000000000000;0,000000000000000;0,000000000;0,00000000000000e+00;0,00000000000000e+00;0,00000000;1
NA;NA;NA;NA;NA;OP PIK;01;0,00000000000000e+00;0,00000000000000e+00;0,00000000000000e+00;0;0,000000000000000;0,000000000000000;0,000000000000000;0,000000000;0,00000000000000e+00;0,00000000000000e+00;0,00000000;5
